Unity Editor version:    6000.5.5f1 (d16e074b49fd)
Branch:                  6000.5/staging
Build type:              Release
Batch mode:              NO
macOS version:           Version 26.5.2 (Build 25F84)
Darwin version:          25.5.0
Architecture:            arm64
Running under Rosetta:   NO
Available memory:        16384 MB
Date:                    2026-08-30T06:37:17Z
[Licensing::Module] Trying to connect to existing licensing client channel...
[Licensing::IpcConnector] Successfully connected to: "LicenseClient-clemensjacob" at "2026-08-30T06:37:17.110537Z"

COMMAND LINE ARGUMENTS:
/Applications/Unity/Hub/Editor/6000.5.5f1/Unity.app/Contents/MacOS/Unity
-projectpath
/Users/clemensjacob/Desktop/Haku-VR-Museum
-acceptSoftwareTermsForThisRunOnly
-useHub
-hubIPC
-cloudEnvironment
production
-licensingIpc
LicenseClient-clemensjacob
-hubSessionId
18097c79-3f3f-43d5-845a-5eb21392e3bb
-accessToken
5R_3C96JvnjHzW7VK2CDU2zZ2um-kTrAOe04nkpQGzk00ff
Successfully changed project path to: /Users/clemensjacob/Desktop/Haku-VR-Museum
/Users/clemensjacob/Desktop/Haku-VR-Museum
[Licensing::Client] Error: HandshakeResponse reported an error:
	ResponseCode: 505
	ResponseStatus: Unsupported protocol version '1.18.1'.
[Licensing::Module] Error: Failed to handshake to channel: "LicenseClient-clemensjacob"
[Licensing::IpcConnector] LicenseClient-clemensjacob channel disconnected successfully.
[Licensing::IpcConnector] Successfully connected to: "LicenseClient-clemensjacob-6000.5.5" at "2026-08-30T06:37:17.382861Z"
[Licensing::Client] Handshaking with LicensingClient:
  Version:                 1.18.1+9fbee8e
  Session Id:              93b0d6401cf44d8e85c74eaec82101c8
  Correlation Id:          537ed8be31970c586bfe1f014b4ab957
  External correlation Id: 7150036560641328245
  Machine Id:              12Oa4by28C9N9y5B3g1pcrQMTPI=
[Licensing::Module] Successfully connected to LicensingClient on channel: "LicenseClient-clemensjacob-6000.5.5" (connect: 0.00s, validation: 0.00s, handshake: 0.21s)
[Licensing::IpcConnector] Successfully connected to: "LicenseClient-clemensjacob-6000.5.5-notifications" at "2026-08-30T06:37:17.59555Z"
[Licensing::Client] Successfully updated the access token
[Licensing::Module] Successfully updated the access token 5R_3C96Jvn...
[Licensing::Client] Successfully resolved entitlement details
[Licensing::Module] License group:
  Id: 16768392054226-UnityPersXXXX
  Product: Unity Personal
  Type: Assigned
  Expiration: Unlimited
[Licensing::Client] Successfully updated license, isAsync: True, time: 0.00
[Licensing::Client] Successfully resolved entitlement details
[Licensing::Module] Licensing Background thread has ended after 0.49s
[UnityMemory] Configuration Parameters - Can be set up in boot.config
    "memorysetup-temp-allocator-size-gi-baking-worker=262144"
    "memorysetup-temp-allocator-size-gi-baking-worker=262144"
    "memorysetup-temp-allocator-size-gi-baking-worker=262144"
    "memorysetup-temp-allocator-size-gi-baking-worker=262144"
    "memorysetup-temp-allocator-size-gi-baking-worker=262144"
    "memorysetup-temp-allocator-size-nav-mesh-worker=65536"
    "memorysetup-temp-allocator-size-audio-worker=65536"
    "memorysetup-temp-allocator-size-cloud-worker=32768"
    "memorysetup-allocator-temp-initial-block-size-main=262144"
    "memorysetup-allocator-temp-initial-block-size-worker=262144"
    "memorysetup-temp-allocator-size-preload-manager=33554432"
    "memorysetup-temp-allocator-size-gfx=262144"
    "memorysetup-temp-allocator-size-background-worker=32768"
    "memorysetup-temp-allocator-size-job-worker=262144"
    "memorysetup-bucket-allocator-granularity=16"
    "memorysetup-bucket-allocator-bucket-count=8"
    "memorysetup-bucket-allocator-block-size=33554432"
    "memorysetup-bucket-allocator-block-count=8"
    "memorysetup-main-allocator-block-size=16777216"
    "memorysetup-thread-allocator-block-size=16777216"
    "memorysetup-main-allocator-mimalloc-enabled=0"
    "memorysetup-gfx-main-allocator-block-size=16777216"
    "memorysetup-gfx-thread-allocator-block-size=16777216"
    "memorysetup-cache-allocator-block-size=4194304"
    "memorysetup-typetree-allocator-block-size=2097152"
    "memorysetup-profiler-bucket-allocator-granularity=16"
    "memorysetup-profiler-bucket-allocator-bucket-count=8"
    "memorysetup-profiler-bucket-allocator-block-size=33554432"
    "memorysetup-profiler-bucket-allocator-block-count=8"
    "memorysetup-profiler-allocator-block-size=16777216"
    "memorysetup-profiler-editor-allocator-block-size=1048576"
    "memorysetup-temp-allocator-size-main=16777216"
    "memorysetup-job-temp-allocator-block-size=2097152"
    "memorysetup-job-temp-allocator-block-size-background=1048576"
    "memorysetup-job-temp-allocator-reduction-small-platforms=262144"
Player connection [8528567680]  Target information:

Player connection [8528567680]  * "[IP] 10.132.95.201 [Port] 55505 [Flags] 2 [Guid] 1346724447 [EditorId] 1346724447 [Version] 1048832 [Id] OSXEditor(0,Clemens-MacBook-Pro.local) [Debug] 1 [PackageName] OSXEditor [ProjectName] Editor" 

Player connection [8528567680]  * "[IP] 169.254.254.192 [Port] 55505 [Flags] 2 [Guid] 1346724447 [EditorId] 1346724447 [Version] 1048832 [Id] OSXEditor(0,Clemens-MacBook-Pro.local) [Debug] 1 [PackageName] OSXEditor [ProjectName] Editor" 

Player connection [8528567680] Host joined multi-casting on [225.0.0.222:54997]...
Player connection [8528567680] Host joined alternative multi-casting on [225.0.0.222:34997]...
Input System module state changed to: Initialized.
[Physics::Module] Initialized fallback backend.
[Physics::Module] Id: 0xdecafbad
[Package Manager] Connected to IPC stream "Upm-44305" after 0.0 seconds.
[Licensing::Client] Successfully resolved entitlement details
Library Redirect Path: Library/
Rebuilding Library because the asset database could not be found!
[Physics::Module] Selected backend.
[Physics::Module] Name: PhysX
[Physics::Module] Id: 0xf2b8ea05
[Physics::Module] SDK Version: 4.1.2
[Physics::Module] Integration Version: 1.0.0
[Physics::Module] Threading Mode: Multi-Threaded
Initialize engine version: 6000.5.5f1 (d16e074b49fd)
[Subsystems] Discovering subsystems at path /Applications/Unity/Hub/Editor/6000.5.5f1/Unity.app/Contents/Resources/UnitySubsystems
[Subsystems] Discovering subsystems at path /Users/clemensjacob/Desktop/Haku-VR-Museum/Assets
GfxDevice: creating device client; kGfxThreadingModeThreaded
 preferred device: Apple M4 (high power)
Metal devices available: 1
0: Apple M4 (high power)
Using device Apple M4 (high power)
Initializing Metal device caps: Apple M4
Mac GPU Family: 2
Apple GPU Family: 9
MSL Version: 3.0
Has Float MSAA: 1
Has Float Filtering: 1
ReadWrite Texture Tier: 2
Initialize mono
Mono path[0] = '/Applications/Unity/Hub/Editor/6000.5.5f1/Unity.app/Contents/Resources/Scripting/Managed'
Mono path[1] = '/Applications/Unity/Hub/Editor/6000.5.5f1/Unity.app/Contents/Resources/Scripting/BCLExtensions/runtime/netstandard2.1'
Mono path[2] = '/Applications/Unity/Hub/Editor/6000.5.5f1/Unity.app/Contents/Resources/Scripting/MonoBleedingEdge/lib/mono/unityjit-macos'
Mono config path = '/Applications/Unity/Hub/Editor/6000.5.5f1/Unity.app/Contents/Resources/Scripting/MonoBleedingEdge/etc'
Using monoOptions --debugger-agent=transport=dt_socket,embedding=1,server=y,suspend=n,address=127.0.0.1:56305
CodeReloadManager initialized
ImportWorker Server TCP listen port: 0
AcceleratorClientConnectionCallback - disconnected - :0
Begin MonoManager ReloadAssembly
Registering precompiled unity dll's ...
Register platform support module: /Applications/Unity/Hub/Editor/6000.5.5f1/PlaybackEngines/WebGLSupport/UnityEditor.WebGL.Extensions.dll
Register platform support module: /Applications/Unity/Hub/Editor/6000.5.5f1/PlaybackEngines/MacStandaloneSupport/UnityEditor.OSXStandalone.Extensions.dll
Registered in 0.001118 seconds.
Native extension for OSXStandalone target not found
Native extension for WebGL target not found
Package Manager log level set to [2]
ScheduleIndexationOnStartup MainProcess:False IndexOnStartup:False
Mono: successfully reloaded assembly
- Finished resetting the current domain, in  0.212 seconds
Domain Reload Profiling: 497ms
	BeginReloadAssembly (83ms)
		CreateAndSetChildDomain (24ms)
	RebuildNativeTypeToScriptingClass (11ms)
	initialDomainReloadingComplete (32ms)
	LoadAllAssembliesAndSetupDomain (156ms)
		LoadAssemblies (59ms)
		AnalyzeDomain (120ms)
			TypeCache.Refresh (119ms)
				TypeCache.ScanAssembly (109ms)
	FinalizeReload (213ms)
		SetupLoadedEditorAssemblies (0ms)
			BeforeProcessingInitializeOnLoad (38ms)
			ProcessInitializeOnLoadAttributes (49ms)
			ProcessInitializeOnLoadMethodAttributes (89ms)
[Licensing::Client] Successfully resolved entitlement details
Application.AssetDatabase Initial Refresh Start
[Package Manager] The file [/Users/clemensjacob/Desktop/Haku-VR-Museum/Packages/manifest.json] cannot be found
[Package Manager] The file [/Users/clemensjacob/Desktop/Haku-VR-Museum/Packages/manifest.json] cannot be found
[Package Manager] The file [/Users/clemensjacob/Desktop/Haku-VR-Museum/Packages/manifest.json] cannot be found
[Package Manager] Done resolving packages in 0.66 seconds
[Licensing::Client] Successfully resolved entitlement details
[Package Manager] Lock file was modified
[Package Manager] Registered 37 packages:
  Built-in packages:
    com.unity.multiplayer.center@1.0.1 (location: /Users/clemensjacob/Desktop/Haku-VR-Museum/Library/PackageCache/com.unity.multiplayer.center@b860850997d0)
    com.unity.modules.accessibility@1.0.0 (location: /Users/clemensjacob/Desktop/Haku-VR-Museum/Library/PackageCache/com.unity.modules.accessibility)
    com.unity.modules.adaptiveperformance@1.0.0 (location: /Users/clemensjacob/Desktop/Haku-VR-Museum/Library/PackageCache/com.unity.modules.adaptiveperformance)
    com.unity.modules.ai@1.0.0 (location: /Users/clemensjacob/Desktop/Haku-VR-Museum/Library/PackageCache/com.unity.modules.ai)
    com.unity.modules.androidjni@1.0.0 (location: /Users/clemensjacob/Desktop/Haku-VR-Museum/Library/PackageCache/com.unity.modules.androidjni)
    com.unity.modules.animation@1.0.0 (location: /Users/clemensjacob/Desktop/Haku-VR-Museum/Library/PackageCache/com.unity.modules.animation)
    com.unity.modules.assetbundle@1.0.0 (location: /Users/clemensjacob/Desktop/Haku-VR-Museum/Library/PackageCache/com.unity.modules.assetbundle)
    com.unity.modules.audio@1.0.0 (location: /Users/clemensjacob/Desktop/Haku-VR-Museum/Library/PackageCache/com.unity.modules.audio)
    com.unity.modules.cloth@1.0.0 (location: /Users/clemensjacob/Desktop/Haku-VR-Museum/Library/PackageCache/com.unity.modules.cloth)
    com.unity.modules.director@1.0.0 (location: /Users/clemensjacob/Desktop/Haku-VR-Museum/Library/PackageCache/com.unity.modules.director)
    com.unity.modules.imageconversion@1.0.0 (location: /Users/clemensjacob/Desktop/Haku-VR-Museum/Library/PackageCache/com.unity.modules.imageconversion)
    com.unity.modules.imgui@1.0.0 (location: /Users/clemensjacob/Desktop/Haku-VR-Museum/Library/PackageCache/com.unity.modules.imgui)
    com.unity.modules.jsonserialize@1.0.0 (location: /Users/clemensjacob/Desktop/Haku-VR-Museum/Library/PackageCache/com.unity.modules.jsonserialize)
    com.unity.modules.particlesystem@1.0.0 (location: /Users/clemensjacob/Desktop/Haku-VR-Museum/Library/PackageCache/com.unity.modules.particlesystem)
    com.unity.modules.physics@1.0.0 (location: /Users/clemensjacob/Desktop/Haku-VR-Museum/Library/PackageCache/com.unity.modules.physics)
    com.unity.modules.physics2d@1.0.0 (location: /Users/clemensjacob/Desktop/Haku-VR-Museum/Library/PackageCache/com.unity.modules.physics2d)
    com.unity.modules.physicscore2d@1.0.0 (location: /Users/clemensjacob/Desktop/Haku-VR-Museum/Library/PackageCache/com.unity.modules.physicscore2d)
    com.unity.modules.screencapture@1.0.0 (location: /Users/clemensjacob/Desktop/Haku-VR-Museum/Library/PackageCache/com.unity.modules.screencapture)
    com.unity.modules.terrain@1.0.0 (location: /Users/clemensjacob/Desktop/Haku-VR-Museum/Library/PackageCache/com.unity.modules.terrain)
    com.unity.modules.terrainphysics@1.0.0 (location: /Users/clemensjacob/Desktop/Haku-VR-Museum/Library/PackageCache/com.unity.modules.terrainphysics)
    com.unity.modules.tilemap@1.0.0 (location: /Users/clemensjacob/Desktop/Haku-VR-Museum/Library/PackageCache/com.unity.modules.tilemap)
    com.unity.modules.ui@1.0.0 (location: /Users/clemensjacob/Desktop/Haku-VR-Museum/Library/PackageCache/com.unity.modules.ui)
    com.unity.modules.uielements@1.0.0 (location: /Users/clemensjacob/Desktop/Haku-VR-Museum/Library/PackageCache/com.unity.modules.uielements)
    com.unity.modules.umbra@1.0.0 (location: /Users/clemensjacob/Desktop/Haku-VR-Museum/Library/PackageCache/com.unity.modules.umbra)
    com.unity.modules.unityanalytics@1.0.0 (location: /Users/clemensjacob/Desktop/Haku-VR-Museum/Library/PackageCache/com.unity.modules.unityanalytics)
    com.unity.modules.unitywebrequest@1.0.0 (location: /Users/clemensjacob/Desktop/Haku-VR-Museum/Library/PackageCache/com.unity.modules.unitywebrequest)
    com.unity.modules.unitywebrequestassetbundle@1.0.0 (location: /Users/clemensjacob/Desktop/Haku-VR-Museum/Library/PackageCache/com.unity.modules.unitywebrequestassetbundle)
    com.unity.modules.unitywebrequestaudio@1.0.0 (location: /Users/clemensjacob/Desktop/Haku-VR-Museum/Library/PackageCache/com.unity.modules.unitywebrequestaudio)
    com.unity.modules.unitywebrequesttexture@1.0.0 (location: /Users/clemensjacob/Desktop/Haku-VR-Museum/Library/PackageCache/com.unity.modules.unitywebrequesttexture)
    com.unity.modules.unitywebrequestwww@1.0.0 (location: /Users/clemensjacob/Desktop/Haku-VR-Museum/Library/PackageCache/com.unity.modules.unitywebrequestwww)
    com.unity.modules.vectorgraphics@1.0.0 (location: /Users/clemensjacob/Desktop/Haku-VR-Museum/Library/PackageCache/com.unity.modules.vectorgraphics)
    com.unity.modules.vehicles@1.0.0 (location: /Users/clemensjacob/Desktop/Haku-VR-Museum/Library/PackageCache/com.unity.modules.vehicles)
    com.unity.modules.video@1.0.0 (location: /Users/clemensjacob/Desktop/Haku-VR-Museum/Library/PackageCache/com.unity.modules.video)
    com.unity.modules.wind@1.0.0 (location: /Users/clemensjacob/Desktop/Haku-VR-Museum/Library/PackageCache/com.unity.modules.wind)
    com.unity.modules.xr@1.0.0 (location: /Users/clemensjacob/Desktop/Haku-VR-Museum/Library/PackageCache/com.unity.modules.xr)
    com.unity.modules.subsystems@1.0.0 (location: /Users/clemensjacob/Desktop/Haku-VR-Museum/Library/PackageCache/com.unity.modules.subsystems)
    com.unity.modules.hierarchycore@1.0.0 (location: /Users/clemensjacob/Desktop/Haku-VR-Museum/Library/PackageCache/com.unity.modules.hierarchycore)
[Subsystems] No new subsystems found in resolved package list.
[Package Manager] Done registering packages in 0.00 seconds
AcceleratorClientConnectionCallback - disconnected - :0
[ScriptCompilation] Requested script compilation because: Assembly Definition File(s) changed
[ScriptCompilation] Requested script compilation because: AssetDatabase observed changes in script compilation related files
info: Microsoft.Hosting.Lifetime[14]
      Now listening on: http://unix:/tmp/ilpp.sock-f325dea4d6e37ad2b5c6fd50b5c614b1
info: Microsoft.Hosting.Lifetime[0]
      Application started. Press Ctrl+C to shut down.
info: Microsoft.Hosting.Lifetime[0]
      Hosting environment: Production
info: Microsoft.Hosting.Lifetime[0]
      Content root path: /Users/clemensjacob/Desktop/Haku-VR-Museum
info: Microsoft.AspNetCore.Hosting.Diagnostics[1]
      Request starting HTTP/2 POST http://ilpp/UnityILPP.PostProcessing/Ping - application/grpc -
info: Microsoft.AspNetCore.Routing.EndpointMiddleware[0]
      Executing endpoint 'gRPC - /UnityILPP.PostProcessing/Ping'
info: Microsoft.AspNetCore.Routing.EndpointMiddleware[1]
      Executed endpoint 'gRPC - /UnityILPP.PostProcessing/Ping'
info: Microsoft.AspNetCore.Hosting.Diagnostics[2]
      Request finished HTTP/2 POST http://ilpp/UnityILPP.PostProcessing/Ping - 200 - application/grpc 20.0722ms
Starting: /Applications/Unity/Hub/Editor/6000.5.5f1/Unity.app/Contents/Resources/BuildPipeline/bee_backend --ipc --defer-dag-verification --dagfile="Library/Bee/200b0aE.dag" --continue-on-failure --profile="Library/Bee/backend1.traceevents" ScriptAssemblies
WorkingDir: /Users/clemensjacob/Desktop/Haku-VR-Museum
ExitCode: 4 Duration: 0s330ms
[             ] Require frontend run.  Library/Bee/200b0aE.dag couldn't be loaded
Starting: /Applications/Unity/Hub/Editor/6000.5.5f1/Unity.app/Contents/Resources/Scripting/netcorerun/netcorerun "/Applications/Unity/Hub/Editor/6000.5.5f1/Unity.app/Contents/Resources/BuildPipeline/ScriptCompilationBuildProgram.exe" "Library/Bee/200b0aE.dag.json" "Library/Bee/200b0aE-inputdata.json" "Library/Bee/buildprogram0.traceevents"
WorkingDir: /Users/clemensjacob/Desktop/Haku-VR-Museum
ExitCode: 0 Duration: 0s446ms
Starting: /Applications/Unity/Hub/Editor/6000.5.5f1/Unity.app/Contents/Resources/BuildPipeline/bee_backend --ipc --defer-dag-verification --dagfile="Library/Bee/200b0aE.dag" --continue-on-failure --dagfilejson="Library/Bee/200b0aE.dag.json" --profile="Library/Bee/backend2.traceevents" ScriptAssemblies
WorkingDir: /Users/clemensjacob/Desktop/Haku-VR-Museum
ExitCode: 0 Duration: 2s606ms
Finished compiling graph: 173 nodes, 662 flattened edges (650 ToBuild, 4 ToUse), maximum node priority 24
[  1/170    0s] WriteText Library/Bee/artifacts/200b0aE.dag/Unity.Multiplayer.Center.Common.rsp2
[  2/170    0s] WriteText Library/Bee/artifacts/200b0aE.dag/Unity.Multiplayer.Center.Common.UnityAdditionalFile.txt
[  3/170    0s] MovedFromExtractor Library/Bee/artifacts/mvdfrm/UnityEngine.CoreModule.dll_AD2E18192042F9B5.mvfrm
[  4/170    0s] MovedFromExtractor Library/Bee/artifacts/mvdfrm/UnityEngine.dll_F879E79C3FD7A1D0.mvfrm
[  5/170    0s] MovedFromExtractor Library/Bee/artifacts/mvdfrm/Unity.Scripting.dll_106407AA752C7D57.mvfrm
[  6/170    0s] MovedFromExtractor Library/Bee/artifacts/mvdfrm/UnityEditor.AssetComplianceModule.dll_0736C565ECCCEF84.mvfrm
[  7/170    0s] MovedFromExtractor Library/Bee/artifacts/mvdfrm/UnityEditor.Graphs.dll_AD69479998C50EBC.mvfrm
[  8/170    0s] MovedFromExtractor Library/Bee/artifacts/mvdfrm/UnityEditor.AIModule.dll_05DF666CEBF6BBD3.mvfrm
[  9/170    0s] MovedFromExtractor Library/Bee/artifacts/mvdfrm/UnityEditor.WebGL.Extensions.dll_C4758350EA3021D0.mvfrm
[ 10/170    0s] MovedFromExtractor Library/Bee/artifacts/mvdfrm/UnityEditor.iOS.Extensions.Xcode.dll_F0850580C64842FE.mvfrm
[ 11/170    0s] MovedFromExtractor Library/Bee/artifacts/mvdfrm/UnityEditor.AdaptivePerformanceModule.dll_F822AF00934DF463.mvfrm
[ 12/170    0s] MovedFromExtractor Library/Bee/artifacts/mvdfrm/UnityEditor.AccessibilityModule.dll_F9F82310BA7302F7.mvfrm
[ 13/170    0s] MovedFromExtractor Library/Bee/artifacts/mvdfrm/UnityEngine.VideoModule.dll_16461EE48DA2B9D9.mvfrm
[ 14/170    0s] MovedFromExtractor Library/Bee/artifacts/mvdfrm/UnityEngine.XRModule.dll_C5527FB3DEAFC820.mvfrm
[ 15/170    0s] MovedFromExtractor Library/Bee/artifacts/mvdfrm/UnityEngine.WindModule.dll_237CF341B179781E.mvfrm
[ 16/170    0s] MovedFromExtractor Library/Bee/artifacts/mvdfrm/UnityEngine.VFXModule.dll_EFB57B9F0557A886.mvfrm
[ 17/170    0s] MovedFromExtractor Library/Bee/artifacts/mvdfrm/UnityEngine.VirtualTexturingModule.dll_8C83A314DF068413.mvfrm
[ 18/170    0s] MovedFromExtractor Library/Bee/artifacts/mvdfrm/UnityEngine.UnityWebRequestModule.dll_51997D436EE56B4E.mvfrm
[ 19/170    0s] MovedFromExtractor Library/Bee/artifacts/mvdfrm/UnityEngine.UnityWebRequestWWWModule.dll_9F2878AB7AB5711D.mvfrm
[ 20/170    0s] MovedFromExtractor Library/Bee/artifacts/mvdfrm/UnityEngine.UnityWebRequestTextureModule.dll_13D594ED3F5C5D61.mvfrm
[ 21/170    0s] MovedFromExtractor Library/Bee/artifacts/mvdfrm/UnityEngine.VehiclesModule.dll_23440048D3E35CAD.mvfrm
[ 22/170    0s] MovedFromExtractor Library/Bee/artifacts/mvdfrm/UnityEngine.VectorGraphicsModule.dll_0E96CFBA776E3244.mvfrm
[ 23/170    0s] MovedFromExtractor Library/Bee/artifacts/mvdfrm/UnityEngine.UnityCurlModule.dll_9782D472715B6FAF.mvfrm
[ 24/170    0s] MovedFromExtractor Library/Bee/artifacts/mvdfrm/UnityEngine.UnityWebRequestAudioModule.dll_8EBDE5C6F1924E0C.mvfrm
[ 25/170    0s] MovedFromExtractor Library/Bee/artifacts/mvdfrm/UnityEngine.UnityAnalyticsModule.dll_96EF0A4F918F0DF7.mvfrm
[ 26/170    0s] MovedFromExtractor Library/Bee/artifacts/mvdfrm/UnityEngine.UnityWebRequestAssetBundleModule.dll_D4FE80532A765208.mvfrm
[ 27/170    0s] MovedFromExtractor Library/Bee/artifacts/mvdfrm/UnityEngine.UnityAnalyticsCommonModule.dll_B2004F2C851021D2.mvfrm
[ 28/170    0s] MovedFromExtractor Library/Bee/artifacts/mvdfrm/UnityEngine.UIModule.dll_3FC19629B3BAF54A.mvfrm
[ 29/170    0s] MovedFromExtractor Library/Bee/artifacts/mvdfrm/UnityEngine.UmbraModule.dll_6C114692583749A7.mvfrm
[ 30/170    0s] MovedFromExtractor Library/Bee/artifacts/mvdfrm/UnityEngine.UnityConnectModule.dll_DBDB7EBE215782EB.mvfrm
[ 31/170    0s] MovedFromExtractor Library/Bee/artifacts/mvdfrm/UnityEngine.UnityConsentModule.dll_AD8115EA2E62193B.mvfrm
[ 32/170    0s] MovedFromExtractor Library/Bee/artifacts/mvdfrm/UnityEngine.UIElementsModule.dll_A771C20B3F012ED1.mvfrm
[ 33/170    0s] MovedFromExtractor Library/Bee/artifacts/mvdfrm/UnityEngine.TerrainPhysicsModule.dll_77CA4258FEAAB688.mvfrm
[ 34/170    0s] MovedFromExtractor Library/Bee/artifacts/mvdfrm/UnityEngine.TextRenderingModule.dll_2977BE03FE4A92FD.mvfrm
[ 35/170    0s] MovedFromExtractor Library/Bee/artifacts/mvdfrm/UnityEngine.U2DRuntimeModule.dll_740FB16A0C3068E7.mvfrm
[ 36/170    0s] MovedFromExtractor Library/Bee/artifacts/mvdfrm/UnityEngine.TextCoreTextEngineModule.dll_D466334F8AF5B4B1.mvfrm
[ 37/170    0s] MovedFromExtractor Library/Bee/artifacts/mvdfrm/UnityEngine.TilemapModule.dll_25C84C8EE320017C.mvfrm
[ 38/170    0s] MovedFromExtractor Library/Bee/artifacts/mvdfrm/UnityEngine.TerrainModule.dll_86CBE50DCB632073.mvfrm
[ 39/170    0s] MovedFromExtractor Library/Bee/artifacts/mvdfrm/UnityEngine.SubsystemsModule.dll_A33360A33BD4F2DA.mvfrm
[ 40/170    0s] MovedFromExtractor Library/Bee/artifacts/mvdfrm/UnityEngine.TLSModule.dll_6ED6E3302EEA3F19.mvfrm
[ 41/170    0s] MovedFromExtractor Library/Bee/artifacts/mvdfrm/UnityEngine.TextCoreFontEngineModule.dll_8C7DFCDDFB71FB93.mvfrm
[ 42/170    0s] MovedFromExtractor Library/Bee/artifacts/mvdfrm/UnityEngine.SubstanceModule.dll_F5A634DA9C22330E.mvfrm
[ 43/170    0s] MovedFromExtractor Library/Bee/artifacts/mvdfrm/UnityEngine.StreamingModule.dll_18FB209150CF3500.mvfrm
[ 44/170    0s] MovedFromExtractor Library/Bee/artifacts/mvdfrm/UnityEngine.SharedInternalsModule.dll_C40BB46EDB1ECC1F.mvfrm
[ 45/170    0s] MovedFromExtractor Library/Bee/artifacts/mvdfrm/UnityEngine.SpriteMaskModule.dll_3885FA416D8D0AC7.mvfrm
[ 46/170    0s] MovedFromExtractor Library/Bee/artifacts/mvdfrm/UnityEngine.SpriteShapeModule.dll_C4869DE06407F93A.mvfrm
[ 47/170    0s] MovedFromExtractor Library/Bee/artifacts/mvdfrm/UnityEngine.ShaderVariantAnalyticsModule.dll_D48FB29DEB2898DC.mvfrm
[ 48/170    0s] MovedFromExtractor Library/Bee/artifacts/mvdfrm/UnityEngine.RuntimeInitializeOnLoadManagerInitializerModule.dll_BF9B150C0A0B1420.mvfrm
[ 49/170    0s] MovedFromExtractor Library/Bee/artifacts/mvdfrm/UnityEngine.ScriptingModule.dll_7B878C0780CF2C75.mvfrm
[ 50/170    0s] MovedFromExtractor Library/Bee/artifacts/mvdfrm/UnityEngine.RenderAs2DModule.dll_BDCC89759E6323C0.mvfrm
[ 51/170    0s] MovedFromExtractor Library/Bee/artifacts/mvdfrm/UnityEngine.ScreenCaptureModule.dll_00384BF947131308.mvfrm
[ 52/170    0s] MovedFromExtractor Library/Bee/artifacts/mvdfrm/UnityEngine.PropertiesModule.dll_7C94C6EFBF08D989.mvfrm
[ 53/170    0s] MovedFromExtractor Library/Bee/artifacts/mvdfrm/UnityEngine.PhysicsBackendPhysXModule.dll_92C62B43B14F8A27.mvfrm
[ 54/170    0s] MovedFromExtractor Library/Bee/artifacts/mvdfrm/UnityEngine.PhysicsCore2DModule.dll_73FCECE392107B06.mvfrm
[ 55/170    0s] MovedFromExtractor Library/Bee/artifacts/mvdfrm/UnityEngine.Physics2DModule.dll_B10C2331A2447557.mvfrm
[ 56/170    0s] MovedFromExtractor Library/Bee/artifacts/mvdfrm/UnityEngine.PerformanceReportingModule.dll_16C191E86B278374.mvfrm
[ 57/170    0s] MovedFromExtractor Library/Bee/artifacts/mvdfrm/UnityEngine.PhysicsModule.dll_6C85699EF5A4D785.mvfrm
[ 58/170    0s] MovedFromExtractor Library/Bee/artifacts/mvdfrm/UnityEngine.MarshallingModule.dll_538E0F1A928DEE82.mvfrm
[ 59/170    0s] MovedFromExtractor Library/Bee/artifacts/mvdfrm/UnityEngine.MathematicsModule.dll_D03A1E5F22DDB864.mvfrm
[ 60/170    0s] MovedFromExtractor Library/Bee/artifacts/mvdfrm/UnityEngine.MultiplayerModule.dll_2ACD8D12672D4EA8.mvfrm
[ 61/170    0s] MovedFromExtractor Library/Bee/artifacts/mvdfrm/UnityEngine.ParticleSystemModule.dll_774F9985E567BBFB.mvfrm
[ 62/170    0s] MovedFromExtractor Library/Bee/artifacts/mvdfrm/UnityEngine.LocalizationModule.dll_AC653A176FD347FF.mvfrm
[ 63/170    0s] MovedFromExtractor Library/Bee/artifacts/mvdfrm/UnityEngine.ImageConversionModule.dll_3FFA759963F0D0CF.mvfrm
[ 64/170    0s] MovedFromExtractor Library/Bee/artifacts/mvdfrm/UnityEngine.InsightsModule.dll_4547CF59E436DC91.mvfrm
[ 65/170    0s] MovedFromExtractor Library/Bee/artifacts/mvdfrm/UnityEngine.InputForUIModule.dll_520BE1CAAC3E1209.mvfrm
[ 66/170    0s] MovedFromExtractor Library/Bee/artifacts/mvdfrm/UnityEngine.InputModule.dll_57B2622A4148C2D8.mvfrm
[ 67/170    0s] MovedFromExtractor Library/Bee/artifacts/mvdfrm/UnityEngine.InputLegacyModule.dll_3C6A8BA446577721.mvfrm
[ 68/170    0s] MovedFromExtractor Library/Bee/artifacts/mvdfrm/UnityEngine.IdentifiersModule.dll_83AEF87B70DE8F48.mvfrm
[ 69/170    0s] MovedFromExtractor Library/Bee/artifacts/mvdfrm/UnityEngine.HotReloadModule.dll_E5AEF146DC7A9944.mvfrm
[ 70/170    0s] MovedFromExtractor Library/Bee/artifacts/mvdfrm/UnityEngine.IMGUIModule.dll_299C39E091423215.mvfrm
[ 71/170    0s] MovedFromExtractor Library/Bee/artifacts/mvdfrm/UnityEngine.JSONSerializeModule.dll_E6509E7432A6E6A6.mvfrm
[ 72/170    0s] MovedFromExtractor Library/Bee/artifacts/mvdfrm/UnityEngine.GraphicsStateCollectionSerializerModule.dll_E9446DA449068B44.mvfrm
[ 73/170    0s] MovedFromExtractor Library/Bee/artifacts/mvdfrm/UnityEngine.GIModule.dll_DC8A4109F322D7B8.mvfrm
[ 74/170    0s] MovedFromExtractor Library/Bee/artifacts/mvdfrm/UnityEngine.GridModule.dll_8A9F340738978FAC.mvfrm
[ 75/170    0s] MovedFromExtractor Library/Bee/artifacts/mvdfrm/UnityEngine.DSPGraphModule.dll_B0D26832CC1A5E33.mvfrm
[ 76/170    0s] MovedFromExtractor Library/Bee/artifacts/mvdfrm/UnityEngine.DirectorModule.dll_AB8106C959B98D12.mvfrm
[ 77/170    0s] MovedFromExtractor Library/Bee/artifacts/mvdfrm/UnityEngine.GameCenterModule.dll_4F5987B14C1D754D.mvfrm
[ 78/170    0s] MovedFromExtractor Library/Bee/artifacts/mvdfrm/UnityEngine.HierarchyCoreModule.dll_FD53B212A218DF12.mvfrm
[ 79/170    0s] MovedFromExtractor Library/Bee/artifacts/mvdfrm/UnityEngine.CrashReportingModule.dll_243D50397756306D.mvfrm
[ 80/170    0s] MovedFromExtractor Library/Bee/artifacts/mvdfrm/UnityEditor.OSXStandalone.Extensions.dll_2561DCD9CB317A6B.mvfrm
[ 81/170    0s] MovedFromExtractor Library/Bee/artifacts/mvdfrm/UnityEngine.ClusterInputModule.dll_6E186FC4D8575506.mvfrm
[ 82/170    0s] MovedFromExtractor Library/Bee/artifacts/mvdfrm/UnityEngine.ClothModule.dll_5824F774A52D7D18.mvfrm
[ 83/170    0s] MovedFromExtractor Library/Bee/artifacts/mvdfrm/UnityEngine.ContentLoadModule.dll_443BC9C67CE8691D.mvfrm
[ 84/170    0s] MovedFromExtractor Library/Bee/artifacts/mvdfrm/UnityEngine.AssetBundleModule.dll_AB257085AE65C130.mvfrm
[ 85/170    0s] MovedFromExtractor Library/Bee/artifacts/mvdfrm/UnityEngine.ClusterRendererModule.dll_D40877E8E1CC18DB.mvfrm
[ 86/170    0s] MovedFromExtractor Library/Bee/artifacts/mvdfrm/UnityEngine.AdaptivePerformanceModule.dll_B8B243B6CE934768.mvfrm
[ 87/170    0s] MovedFromExtractor Library/Bee/artifacts/mvdfrm/UnityEngine.AudioModule.dll_F13C9A79CB109E34.mvfrm
[ 88/170    0s] MovedFromExtractor Library/Bee/artifacts/mvdfrm/UnityEngine.AnimationModule.dll_6466334101477DC2.mvfrm
[ 89/170    0s] MovedFromExtractor Library/Bee/artifacts/mvdfrm/UnityEngine.AccessibilityModule.dll_86391538336B861C.mvfrm
[ 90/170    0s] MovedFromExtractor Library/Bee/artifacts/mvdfrm/UnityEngine.AndroidJNIModule.dll_250C3D9685DC845C.mvfrm
[ 91/170    0s] MovedFromExtractor Library/Bee/artifacts/mvdfrm/UnityEngine.ARModule.dll_FDC0BCFFB4914E67.mvfrm
[ 92/170    0s] MovedFromExtractor Library/Bee/artifacts/mvdfrm/UnityEngine.AIModule.dll_444DF7FC5773EF9E.mvfrm
[ 93/170    0s] MovedFromExtractor Library/Bee/artifacts/mvdfrm/UnityEditor.VideoModule.dll_501962805C258934.mvfrm
[ 94/170    0s] MovedFromExtractor Library/Bee/artifacts/mvdfrm/UnityEditor.XRModule.dll_86E3EE2473329455.mvfrm
[ 95/170    0s] MovedFromExtractor Library/Bee/artifacts/mvdfrm/UnityEditor.dll_C5D5A0C3E16414EB.mvfrm
[ 96/170    0s] MovedFromExtractor Library/Bee/artifacts/mvdfrm/UnityEditor.VFXModule.dll_E393D94B95A79A81.mvfrm
[ 97/170    0s] MovedFromExtractor Library/Bee/artifacts/mvdfrm/UnityEditor.VectorGraphicsModule.dll_53726E1F5B819E39.mvfrm
[ 98/170    0s] MovedFromExtractor Library/Bee/artifacts/mvdfrm/UnityEditor.UnityConnectModule.dll_EE7BFAAF26CF8240.mvfrm
[ 99/170    0s] MovedFromExtractor Library/Bee/artifacts/mvdfrm/UnityEditor.UmbraModule.dll_A5E48A2E26BA1902.mvfrm
[100/170    0s] MovedFromExtractor Library/Bee/artifacts/mvdfrm/UnityEditor.UIToolkitAuthoringModule.dll_4175161806FAC088.mvfrm
[101/170    0s] MovedFromExtractor Library/Bee/artifacts/mvdfrm/UnityEditor.UIElementsModule.dll_A6C354C33CBD1586.mvfrm
[102/170    0s] MovedFromExtractor Library/Bee/artifacts/mvdfrm/UnityEditor.UIElementsSamplesModule.dll_9E8531B38C250647.mvfrm
[103/170    0s] MovedFromExtractor Library/Bee/artifacts/mvdfrm/UnityEditor.TreeModule.dll_E7B939D5000323C9.mvfrm
[104/170    0s] MovedFromExtractor Library/Bee/artifacts/mvdfrm/UnityEditor.TilemapModule.dll_334D93E47E111A37.mvfrm
[105/170    0s] MovedFromExtractor Library/Bee/artifacts/mvdfrm/UnityEditor.U2DModule.dll_0F6C842ECB43FAE0.mvfrm
[106/170    0s] MovedFromExtractor Library/Bee/artifacts/mvdfrm/UnityEditor.UIBuilderModule.dll_EA69643499A32250.mvfrm
[107/170    0s] MovedFromExtractor Library/Bee/artifacts/mvdfrm/UnityEditor.UIAutomationModule.dll_A3E2DC299E5F65E6.mvfrm
[108/170    0s] MovedFromExtractor Library/Bee/artifacts/mvdfrm/UnityEditor.TextCoreTextEngineModule.dll_5606B7FC77F7F5E6.mvfrm
[109/170    0s] MovedFromExtractor Library/Bee/artifacts/mvdfrm/UnityEditor.TextRenderingModule.dll_9D36CBDC85520FD8.mvfrm
[110/170    0s] MovedFromExtractor Library/Bee/artifacts/mvdfrm/UnityEditor.TextCoreFontEngineModule.dll_0E1E818AE8743CC8.mvfrm
[111/170    0s] MovedFromExtractor Library/Bee/artifacts/mvdfrm/UnityEditor.SubstanceModule.dll_3FC043F1B6A28129.mvfrm
[112/170    0s] MovedFromExtractor Library/Bee/artifacts/mvdfrm/UnityEditor.TerrainModule.dll_94512C636654392E.mvfrm
[113/170    0s] MovedFromExtractor Library/Bee/artifacts/mvdfrm/UnityEditor.SketchUpModule.dll_987F2999212051A2.mvfrm
[114/170    0s] MovedFromExtractor Library/Bee/artifacts/mvdfrm/UnityEditor.SpriteShapeModule.dll_BEC0CE5151CDE8B5.mvfrm
[115/170    0s] MovedFromExtractor Library/Bee/artifacts/mvdfrm/UnityEditor.SpriteMaskModule.dll_37D78CF96B48F17C.mvfrm
[116/170    0s] MovedFromExtractor Library/Bee/artifacts/mvdfrm/UnityEditor.ShaderBuildSettingsModule.dll_0048F5A9664D25A5.mvfrm
[117/170    0s] MovedFromExtractor Library/Bee/artifacts/mvdfrm/UnityEditor.ShaderCompilationModule.dll_AA53942B6F28FB17.mvfrm
[118/170    0s] MovedFromExtractor Library/Bee/artifacts/mvdfrm/UnityEditor.ShaderFoundryModule.dll_927379E455A4DB0D.mvfrm
[119/170    0s] MovedFromExtractor Library/Bee/artifacts/mvdfrm/UnityEditor.SceneViewModule.dll_D4909A201C0D762A.mvfrm
[120/170    0s] MovedFromExtractor Library/Bee/artifacts/mvdfrm/UnityEditor.SceneTemplateModule.dll_5393A9A132F55E7F.mvfrm
[121/170    0s] MovedFromExtractor Library/Bee/artifacts/mvdfrm/UnityEditor.SafeModeModule.dll_B06A4448D5EEB58B.mvfrm
[122/170    0s] MovedFromExtractor Library/Bee/artifacts/mvdfrm/UnityEditor.PropertiesModule.dll_7BE659A7BCC4C03E.mvfrm
[123/170    0s] MovedFromExtractor Library/Bee/artifacts/mvdfrm/UnityEditor.QuickSearchModule.dll_673C3D944BFF0C3E.mvfrm
[124/170    0s] MovedFromExtractor Library/Bee/artifacts/mvdfrm/UnityEditor.ProjectAuditorModule.dll_06DFE2501E13ED50.mvfrm
[125/170    0s] MovedFromExtractor Library/Bee/artifacts/mvdfrm/UnityEditor.PresetsUIModule.dll_5146EFFA29430121.mvfrm
[126/170    0s] MovedFromExtractor Library/Bee/artifacts/mvdfrm/UnityEditor.QuickInstallModule.dll_D2213B7843720B59.mvfrm
[127/170    0s] MovedFromExtractor Library/Bee/artifacts/mvdfrm/UnityEditor.PhysicsModule.dll_7A0AB0F49095F040.mvfrm
[128/170    0s] MovedFromExtractor Library/Bee/artifacts/mvdfrm/UnityEditor.PlayModeModule.dll_F65E360274B7C4F2.mvfrm
[129/170    0s] MovedFromExtractor Library/Bee/artifacts/mvdfrm/UnityEditor.PhysicsCore2DModule.dll_E7BBFABC1917F7E1.mvfrm
[130/170    0s] MovedFromExtractor Library/Bee/artifacts/mvdfrm/UnityEditor.Physics2DModule.dll_FB263248BCC4C372.mvfrm
[131/170    0s] MovedFromExtractor Library/Bee/artifacts/mvdfrm/UnityEditor.MultiplayerModule.dll_2507BD8354F33E23.mvfrm
[132/170    0s] MovedFromExtractor Library/Bee/artifacts/mvdfrm/UnityEditor.MathematicsModule.dll_CA744ED010A3A7DF.mvfrm
[133/170    0s] MovedFromExtractor Library/Bee/artifacts/mvdfrm/UnityEditor.MediaModule.dll_F6CFF7A717DFF61D.mvfrm
[134/170    0s] MovedFromExtractor Library/Bee/artifacts/mvdfrm/UnityEditor.HierarchyModule.dll_8354BDF3E4C9E7DE.mvfrm
[135/170    0s] MovedFromExtractor Library/Bee/artifacts/mvdfrm/UnityEditor.GridModule.dll_677E60B490922481.mvfrm
[136/170    0s] MovedFromExtractor Library/Bee/artifacts/mvdfrm/UnityEditor.GraphicsStateCollectionSerializerModule.dll_E050A0B47C0741DF.mvfrm
[137/170    0s] MovedFromExtractor Library/Bee/artifacts/mvdfrm/UnityEditor.LightingModule.dll_AA71BBC528DA7EB7.mvfrm
[138/170    0s] MovedFromExtractor Library/Bee/artifacts/mvdfrm/UnityEditor.GraphViewModule.dll_95E0B71826EAA91C.mvfrm
[139/170    0s] MovedFromExtractor Library/Bee/artifacts/mvdfrm/UnityEditor.GridAndSnapModule.dll_E5E5A308768CCCD4.mvfrm
[140/170    0s] MovedFromExtractor Library/Bee/artifacts/mvdfrm/UnityEditor.GenericRemoteModule.dll_8FF978EC1C172BF6.mvfrm
[141/170    0s] MovedFromExtractor Library/Bee/artifacts/mvdfrm/UnityEditor.GIModule.dll_9E1BAF7A87A5A3ED.mvfrm
[142/170    0s] MovedFromExtractor Library/Bee/artifacts/mvdfrm/UnityEditor.GraphToolkitModule.dll_0F1ED1E3F29ACBAB.mvfrm
[143/170    0s] WriteText Library/Bee/artifacts/200b0aE.dag/Unity.Multiplayer.Center.Common.dll.mvfrm.rsp
[144/170    0s] WriteText Library/Bee/artifacts/200b0aE.dag/Unity.Multiplayer.Center.Common.rsp
[145/170    0s] MovedFromExtractor Library/Bee/artifacts/mvdfrm/UnityEditor.EditorToolbarModule.dll_2FF438E33408B447.mvfrm
[146/170    0s] MovedFromExtractor Library/Bee/artifacts/mvdfrm/UnityEditor.EmbreeModule.dll_7D133569C6618C13.mvfrm
[147/170    0s] MovedFromExtractor Library/Bee/artifacts/mvdfrm/UnityEditor.DeviceSimulatorModule.dll_CE5BB57772110B57.mvfrm
[148/170    0s] WriteText Library/Bee/artifacts/200b0aE.dag/Unity.Multiplayer.Center.Editor.UnityAdditionalFile.txt
[149/170    0s] WriteText Library/Bee/artifacts/200b0aE.dag/Unity.Multiplayer.Center.Editor.rsp2
[150/170    0s] WriteText Library/Bee/artifacts/200b0aE.dag/Unity.Multiplayer.Center.Editor.dll.mvfrm.rsp
[151/170    0s] WriteText Library/Bee/artifacts/200b0aE.dag/Unity.Multiplayer.Center.Editor.rsp
[152/170    0s] MovedFromExtractor Library/Bee/artifacts/mvdfrm/UnityEditor.DiagnosticsModule.dll_DC2CBC86F3280FE5.mvfrm
[153/170    0s] MovedFromExtractor Library/Bee/artifacts/mvdfrm/UnityEditor.CoreModule.dll_8A0D44C6783D8E8A.mvfrm
[154/170    0s] MovedFromExtractor Library/Bee/artifacts/mvdfrm/UnityEditor.CoreBusinessMetricsModule.dll_780DA87AB995235D.mvfrm
[155/170    0s] MovedFromExtractor Library/Bee/artifacts/mvdfrm/UnityEditor.ContentLoadModule.dll_3E75FA376AAE5898.mvfrm
[156/170    0s] MovedFromExtractor Library/Bee/artifacts/mvdfrm/UnityEditor.ClothModule.dll_91F83B1073B04C73.mvfrm
[157/170    0s] MovedFromExtractor Library/Bee/artifacts/mvdfrm/UnityEngine.AMDModule.dll_70471FCB07B9C3C6.mvfrm
[158/170    0s] MovedFromExtractor Library/Bee/artifacts/mvdfrm/UnityEditor.BuildProfileModule.dll_F341ED3901EB9D26.mvfrm
[159/170    0s] MovedFromExtractor Library/Bee/artifacts/mvdfrm/UnityEngine.HierarchyModule.dll_393AAEDCCA4999C3.mvfrm
[160/170    0s] MovedFromExtractor Library/Bee/artifacts/mvdfrm/UnityEngine.NVIDIAModule.dll_D5244D5123FEA6C1.mvfrm
[161/170    0s] MovedFromExtractor-Combine Library/Bee/artifacts/200b0aE.dag/Unity.Multiplayer.Center.Common.dll.mvfrm
[           0s] Csc Library/Bee/artifacts/200b0aE.dag/Unity.Multiplayer.Center.Common.dll (+2 others) [CacheMiss 78d6e768899f7f13c34e78149f5b82c600000000000000000000000000000006]
[162/170    1s] Csc Library/Bee/artifacts/200b0aE.dag/Unity.Multiplayer.Center.Common.dll (+2 others)
[           0s] Csc Library/Bee/artifacts/200b0aE.dag/Unity.Multiplayer.Center.Common.dll (+2 others) [CacheWrite 78d6e768899f7f13c34e78149f5b82c600000000000000000000000000000006]
[163/170    0s] CopyFiles Library/ScriptAssemblies/Unity.Multiplayer.Center.Common.dll
[164/170    0s] CopyFiles Library/ScriptAssemblies/Unity.Multiplayer.Center.Common.pdb
[165/170    0s] MovedFromExtractor Library/Bee/artifacts/mvdfrm/Unity.Multiplayer.Center.Common.ref.dll_70C63ADD63245F54.mvfrm
[166/170    0s] MovedFromExtractor-Combine Library/Bee/artifacts/200b0aE.dag/Unity.Multiplayer.Center.Editor.dll.mvfrm
[           0s] Csc Library/Bee/artifacts/200b0aE.dag/Unity.Multiplayer.Center.Editor.dll (+2 others) [CacheMiss d484f968790e027abcde2a167c5ac1f800000000000000000000000000000006]
[167/170    0s] Csc Library/Bee/artifacts/200b0aE.dag/Unity.Multiplayer.Center.Editor.dll (+2 others)
[           0s] Csc Library/Bee/artifacts/200b0aE.dag/Unity.Multiplayer.Center.Editor.dll (+2 others) [CacheWrite d484f968790e027abcde2a167c5ac1f800000000000000000000000000000006]
[168/170    0s] CopyFiles Library/ScriptAssemblies/Unity.Multiplayer.Center.Editor.dll
[169/170    0s] CopyFiles Library/ScriptAssemblies/Unity.Multiplayer.Center.Editor.pdb
*** Tundra build success (2.59 seconds), 169 items updated, 170 evaluated
Total cache size 25116940
AssetDatabase: script compilation time: 4.034543s
Total cache size after purge 25116940, took 00:00:00.0106985
Begin MonoManager ReloadAssembly
<CFData 0x7d83ebc00 [0x1fdc08880]>{length = 6, capacity = 6, bytes = 0xac077535d3d9}
Importing 'GUID: 00000000000000001000000000000000 - Path: Assets' with importer (DefaultImporter)
Imported 'GUID: 00000000000000001000000000000000' -> (Import Result ID: '738cbbd604dc2195b6321aa19a8f34f1') in 0.009 seconds [static dependencies only]. Details - ImportResultOutputID=931399766a3d35f20ee4474945b75a67 DependenciesID=6ef059e16f77d89b65de4395ffdd5ce7 StaticDependenciesID=021a196fb38bf0e383cdb5199031682f 
Importing 'GUID: 00000000000000002000000000000000 - Path: ProjectSettings/InputManager.asset' with importer (LibraryAssetImporter)
Imported 'GUID: 00000000000000002000000000000000' -> (Import Result ID: '066489c8afb6c38ba445ee068d1b1ddc') in 0.002 seconds [static dependencies only]. Details - ImportResultOutputID=0290babc70dea6fa2c98f564a251f1f8 DependenciesID=96b9d86faebbda27390899bf82e6a4fe StaticDependenciesID=a819cc153f9a909a1659e9d6be4ee3ff 
Importing 'GUID: 00000000000000003000000000000000 - Path: ProjectSettings/TagManager.asset' with importer (LibraryAssetImporter)
Imported 'GUID: 00000000000000003000000000000000' -> (Import Result ID: '0bbec23a6e25bf2a1e3a4193cab14c78') in 0.000 seconds [static dependencies only]. Details - ImportResultOutputID=fd6696bcbef029973bb12ace65e33982 DependenciesID=d27284f49037644be5128a4d2aaacf61 StaticDependenciesID=375832bd3beff761901d315947853e68 
Importing 'GUID: 00000000000000004000000000000000 - Path: ProjectSettings/ProjectSettings.asset' with importer (LibraryAssetImporter)
Imported 'GUID: 00000000000000004000000000000000' -> (Import Result ID: '24ccc892274356184539e9200ad2a5ce') in 0.000 seconds [static dependencies only]. Details - ImportResultOutputID=276a810dac73e1f29404d5e5f692e214 DependenciesID=dbcadf14e78e97b7018a1580d41b6882 StaticDependenciesID=7d9cd0bc92bdc22151e55612fa614e8a 
Importing 'GUID: 00000000000000006000000000000000 - Path: ProjectSettings/AudioManager.asset' with importer (LibraryAssetImporter)
Imported 'GUID: 00000000000000006000000000000000' -> (Import Result ID: '267fe03007c6632b7379b56c633b722d') in 0.000 seconds [static dependencies only]. Details - ImportResultOutputID=acca44841ee8003c72d524064efb6e35 DependenciesID=a71a58753d87cd72fe767341614d2166 StaticDependenciesID=e96d5e218a01b19b3672dd88e6cf87a1 
Importing 'GUID: 00000000000000007000000000000000 - Path: ProjectSettings/TimeManager.asset' with importer (LibraryAssetImporter)
Imported 'GUID: 00000000000000007000000000000000' -> (Import Result ID: '0a60df3c20d93b723ae0b35ded6c2a63') in 0.000 seconds [static dependencies only]. Details - ImportResultOutputID=bcbe57e6eed4f14d697ceae3e9a4ee48 DependenciesID=50b65264b9bb240314e092a3620af00b StaticDependenciesID=47e7cd4ba931b595a0bce618b57fd01d 
Importing 'GUID: 00000000000000008000000000000000 - Path: ProjectSettings/DynamicsManager.asset' with importer (LibraryAssetImporter)
Imported 'GUID: 00000000000000008000000000000000' -> (Import Result ID: '8c39dfc106d14f454d5eed96a01f09ef') in 0.000 seconds [static dependencies only]. Details - ImportResultOutputID=af765d07e318cf68f695edacf91778bd DependenciesID=96cd3a6d0e6f9e553dfc151bfbd425ad StaticDependenciesID=cbf873b669c4d05db3381e0a4f9b9bcf 
Importing 'GUID: 00000000000000009000000000000000 - Path: ProjectSettings/QualitySettings.asset' with importer (LibraryAssetImporter)
Imported 'GUID: 00000000000000009000000000000000' -> (Import Result ID: '9a10a44ea2899d5322e76596960c0c12') in 0.000 seconds [static dependencies only]. Details - ImportResultOutputID=7b12711da11c94ad897442b4820d3f7b DependenciesID=4b9edf5a6fde83c7e59ce271cd623904 StaticDependenciesID=2d78082e6b042ac96c9e20b6e6e81f2d 
Importing 'GUID: 0000000000000000b000000000000000 - Path: ProjectSettings/EditorBuildSettings.asset' with importer (LibraryAssetImporter)
Imported 'GUID: 0000000000000000b000000000000000' -> (Import Result ID: '1976f1da007a54f5ec829fa181acae5a') in 0.000 seconds [static dependencies only]. Details - ImportResultOutputID=4647dd083cfc32cebcd7526e8846440c DependenciesID=48fa7c81d1dfcac113c1e020e921b4a8 StaticDependenciesID=ff4539931f826b5963d91bb0c7cd2573 
Importing 'GUID: 0000000000000000c000000000000000 - Path: ProjectSettings/EditorSettings.asset' with importer (LibraryAssetImporter)
Imported 'GUID: 0000000000000000c000000000000000' -> (Import Result ID: '16406c0f83b39dfbaa9f7c81e65b3833') in 0.000 seconds [static dependencies only]. Details - ImportResultOutputID=fc08cc28cef36a03227c22ef67b54535 DependenciesID=185fb233f0c1deb9730c288eae1847e9 StaticDependenciesID=1e59283d9fd5d7d0a2c911761dae675c 
Importing 'GUID: 00000000000000004100000000000000 - Path: ProjectSettings/NavMeshAreas.asset' with importer (LibraryAssetImporter)
Imported 'GUID: 00000000000000004100000000000000' -> (Import Result ID: 'e31f50702c7b8e68dd2168fe8bd964ea') in 0.000 seconds [static dependencies only]. Details - ImportResultOutputID=90afd57cd2fd79df9534381ff5673272 DependenciesID=1ac24e485698ab387aef910ba13b9e8f StaticDependenciesID=a2a3ab8c7d0fbb3870236fae267ea2f9 
Importing 'GUID: 00000000000000005100000000000000 - Path: ProjectSettings/Physics2DSettings.asset' with importer (LibraryAssetImporter)
Imported 'GUID: 00000000000000005100000000000000' -> (Import Result ID: '6f6946c701cae6c8d3565647c9af0adb') in 0.000 seconds [static dependencies only]. Details - ImportResultOutputID=51a8098361d5b0c1ab07bfc06e51f152 DependenciesID=a3c6a2585dd089b2e6472ccf0702028e StaticDependenciesID=8fa4e4cbc19fa8820d725e5e587dba6b 
Importing 'GUID: 00000000000000006100000000000000 - Path: ProjectSettings/GraphicsSettings.asset' with importer (LibraryAssetImporter)
Imported 'GUID: 00000000000000006100000000000000' -> (Import Result ID: '7a23f80f411141dc37556db30f91af55') in 0.000 seconds [static dependencies only]. Details - ImportResultOutputID=f9600466f06a676b7a4f639f6629ea48 DependenciesID=2ba9bbcac9d1b84708b03de9f843c22f StaticDependenciesID=dd4040f597ea466151ba18309e4ff41b 
Importing 'GUID: 00000000000000007100000000000000 - Path: ProjectSettings/ClusterInputManager.asset' with importer (LibraryAssetImporter)
Imported 'GUID: 00000000000000007100000000000000' -> (Import Result ID: '98df8fe07f74a43636e12ba0b1dff325') in 0.000 seconds [static dependencies only]. Details - ImportResultOutputID=8ce0cedd10b8cd8471ed9838bfc872ed DependenciesID=301d2e79b9cea8c2e09ddfe7eb603702 StaticDependenciesID=a4e674332c32893975d6fb27021957ee 
Importing 'GUID: 0000000000000000a100000000000000 - Path: ProjectSettings/UnityConnectSettings.asset' with importer (LibraryAssetImporter)
Imported 'GUID: 0000000000000000a100000000000000' -> (Import Result ID: '2634e3eb62b3fca8d90b10940f3b2c5e') in 0.000 seconds [static dependencies only]. Details - ImportResultOutputID=1989c27f310e62ee2c72d63f16a698d0 DependenciesID=17dacb10d1b65a95821e1a79ebdbcde5 StaticDependenciesID=bc8eee46cb26771f9c0a8ef851e008b6 
Importing 'GUID: 0000000000000000b100000000000000 - Path: ProjectSettings/PresetManager.asset' with importer (LibraryAssetImporter)
Imported 'GUID: 0000000000000000b100000000000000' -> (Import Result ID: 'eff0b076cc50aa251a41c786a59fa98b') in 0.000 seconds [static dependencies only]. Details - ImportResultOutputID=d271a469f14af9d29dbd89abc966f7ef DependenciesID=c09356504a645f13590159c4dd0e0dde StaticDependenciesID=df9d007f7f046b433cd723615d666307 
Importing 'GUID: 0000000000000000c100000000000000 - Path: ProjectSettings/VFXManager.asset' with importer (LibraryAssetImporter)
Imported 'GUID: 0000000000000000c100000000000000' -> (Import Result ID: '71922488826273df871f003f093a936c') in 0.000 seconds [static dependencies only]. Details - ImportResultOutputID=d5b1cc1b236d3087c4a5fc9e9cb18618 DependenciesID=ed8958b0d19e15ae5904deb4308242d7 StaticDependenciesID=137e8b8e1996c5471f6058ca4efd87d7 
Importing 'GUID: 0000000000000000d100000000000000 - Path: ProjectSettings/VersionControlSettings.asset' with importer (LibraryAssetImporter)
Imported 'GUID: 0000000000000000d100000000000000' -> (Import Result ID: 'd27f353fbd4ff1f73b0687b74f5d991f') in 0.000 seconds [static dependencies only]. Details - ImportResultOutputID=0a19189542c4b1aa9afad4d76b36cbef DependenciesID=f00364dcb6cb50f2625ab809a5979749 StaticDependenciesID=311985edc9778dea0eea5a80fb8121ad 
Importing 'GUID: 0000000000000000f100000000000000 - Path: ProjectSettings/MemorySettings.asset' with importer (LibraryAssetImporter)
Imported 'GUID: 0000000000000000f100000000000000' -> (Import Result ID: 'd2c0e5a0c47587b96859ecb79a41c9ab') in 0.000 seconds [static dependencies only]. Details - ImportResultOutputID=078c9215d0d3f7dcc6c2ea9c2e21e93e DependenciesID=7e9bcdb8fcdaf4bf9ecb2aaaaae84b08 StaticDependenciesID=e04556c3a58344066f969a6b932b1ed8 
Importing 'GUID: 00000000000000000200000000000000 - Path: ProjectSettings/MultiplayerManager.asset' with importer (LibraryAssetImporter)
Imported 'GUID: 00000000000000000200000000000000' -> (Import Result ID: 'c9f9a55c6b21646b674230215e04698d') in 0.000 seconds [static dependencies only]. Details - ImportResultOutputID=cc8bc420ff0fb13a9534be625b324364 DependenciesID=28864cc60eb647eb9d009809daf565a6 StaticDependenciesID=8f9e3c2c7511546a36b486c4d19fa0a5 
Importing 'GUID: 00000000000000001200000000000000 - Path: ProjectSettings/PhysicsCoreProjectSettings2D.asset' with importer (LibraryAssetImporter)
Imported 'GUID: 00000000000000001200000000000000' -> (Import Result ID: 'e35c32b4147096ac983c198680c6d41c') in 0.000 seconds [static dependencies only]. Details - ImportResultOutputID=07b8874da21d0d67c4347d012422ba62 DependenciesID=14f16869a4b7b615a31502a3b18404b9 StaticDependenciesID=c379bb28f8ef25e6cea6bb5c10bd415a 
Importing 'GUID: 00000000000000002300000000000000 - Path: Library/BuildInstructions' with importer (DefaultImporter)
Imported 'GUID: 00000000000000002300000000000000' -> (Import Result ID: '622a8fd548d91ef719400ddc42467044') in 0.000 seconds [static dependencies only]. Details - ImportResultOutputID=d2da4dbe7433590953d90148eb4e1f22 DependenciesID=8a94f9095adb7389af01fc576c08004e StaticDependenciesID=ae1c4908a8fb44c52d73aa775822d0f3 
Importing 'GUID: c060426bfd6e82575228df6656368eaa - Path: Packages/com.unity.modules.imgui' with importer (DefaultImporter)
Imported 'GUID: c060426bfd6e82575228df6656368eaa' -> (Import Result ID: 'c03191d9700d867c6a9aae555f02173b') in 0.000 seconds [static dependencies only]. Details - ImportResultOutputID=dcc23da4b16b268ee6e83200b7ebb805 DependenciesID=071b8244e916ba1f8bc0d9e9172f4f66 StaticDependenciesID=8cc5901bf27deb6d2e4e45d3edd45f07 
Importing 'GUID: 1158e311a3101950348dcecb1bebc42d - Path: Packages/com.unity.modules.animation' with importer (DefaultImporter)
Imported 'GUID: 1158e311a3101950348dcecb1bebc42d' -> (Import Result ID: '10c83252fe0ab9665a3ae98657965468') in 0.000 seconds [static dependencies only]. Details - ImportResultOutputID=7f760e80e4376f4e2af6163c51483957 DependenciesID=337c840ecad8aa6fb74821a609eeec95 StaticDependenciesID=a8ced9cd17797e7bec20cccf45485031 
Importing 'GUID: 515638b803bef8599dbd6d5c8bdaa53e - Path: Packages/com.unity.modules.xr' with importer (DefaultImporter)
Imported 'GUID: 515638b803bef8599dbd6d5c8bdaa53e' -> (Import Result ID: '5a37c9d0ffe34a5b50006e4f62465482') in 0.000 seconds [static dependencies only]. Details - ImportResultOutputID=4287b6c9de175897d57f5d0f89be5f52 DependenciesID=a1cb4a99cebe6155a407646d59dc2054 StaticDependenciesID=1ab7b5bc2bee2d7bc4fa09ace3bca183 
Importing 'GUID: b219c86ce508e478367c0a46e1aa9fe4 - Path: Packages/com.unity.modules.assetbundle' with importer (DefaultImporter)
Imported 'GUID: b219c86ce508e478367c0a46e1aa9fe4' -> (Import Result ID: 'a2748a60f5678166c2b3852d52867da5') in 0.000 seconds [static dependencies only]. Details - ImportResultOutputID=89494b4b6b631d330268aeb9dacd9e16 DependenciesID=921856f28990377c4a6adb2880524939 StaticDependenciesID=3c5ca1fa6a1de3b94eb727252ff5b481 
Importing 'GUID: 04c6898809c37620ac863cc2a5d7c4d0 - Path: Packages/com.unity.modules.vectorgraphics' with importer (DefaultImporter)
Imported 'GUID: 04c6898809c37620ac863cc2a5d7c4d0' -> (Import Result ID: '6ce6cf197e6e2584a217945189f26b1a') in 0.000 seconds [static dependencies only]. Details - ImportResultOutputID=3855432a71b0a738524e2b907e4a06f1 DependenciesID=7acfd1134e732ff3450f0c1ae4fa322b StaticDependenciesID=ec64d2838e106e4778131d24c9401791 
Importing 'GUID: 5469ef0820152a4ae45d400fdc4626e4 - Path: Packages/com.unity.modules.screencapture' with importer (DefaultImporter)
Imported 'GUID: 5469ef0820152a4ae45d400fdc4626e4' -> (Import Result ID: '8da15dc56e1aa018bba7943dcc827116') in 0.000 seconds [static dependencies only]. Details - ImportResultOutputID=883c2ddc1cc8ab47552769d7d10ec20e DependenciesID=3a119f6b1542ccffc8ae3478b95def44 StaticDependenciesID=1f0790c5e082acaed858454a94f7928a 
Importing 'GUID: c4df1124e2787ee0c8d1a911de17ee73 - Path: Packages/com.unity.modules.cloth' with importer (DefaultImporter)
Imported 'GUID: c4df1124e2787ee0c8d1a911de17ee73' -> (Import Result ID: 'dc1c5846b02d4105f603769a7a22fe59') in 0.000 seconds [static dependencies only]. Details - ImportResultOutputID=02c3e07e14f3716325ca51811cb4ad59 DependenciesID=7f28298b0a36e985372f1b78335016fe StaticDependenciesID=cfbf60909dcddf6b5f7a5ea3a1166700 
Importing 'GUID: 850c54ee0b9e1aa740b1c67792eb1f26 - Path: Packages/com.unity.modules.imageconversion' with importer (DefaultImporter)
Imported 'GUID: 850c54ee0b9e1aa740b1c67792eb1f26' -> (Import Result ID: '21deabad27fc95d7e0474789acf0c644') in 0.000 seconds [static dependencies only]. Details - ImportResultOutputID=5e29084e34474b819d3f42b6f87fa2f1 DependenciesID=f8676791f92d41abd7e981d91dbbef19 StaticDependenciesID=a328d4847189a01efbc0969f9ea60779 
Importing 'GUID: 95f85adeda79e994f011eb2152cf4fc9 - Path: Packages/com.unity.modules.terrainphysics' with importer (DefaultImporter)
Imported 'GUID: 95f85adeda79e994f011eb2152cf4fc9' -> (Import Result ID: '465f7814253d297a56d8fd953dd137f3') in 0.000 seconds [static dependencies only]. Details - ImportResultOutputID=066c7237bacce3d1fed9fa88ce895dc2 DependenciesID=57b9be22459b33d65e791420a1d52601 StaticDependenciesID=640589dc965b13b3b977faada24e82e5 
Importing 'GUID: c522a644a29fcab2eaf63298c118a65b - Path: Packages/com.unity.modules.unitywebrequest' with importer (DefaultImporter)
Imported 'GUID: c522a644a29fcab2eaf63298c118a65b' -> (Import Result ID: '3364dd55df4f1f5487048dd77f68a0e9') in 0.000 seconds [static dependencies only]. Details - ImportResultOutputID=bd84e5c0828c0c958fda12361a6931c4 DependenciesID=17b6b9e99cb87a6ef815195e2391820b StaticDependenciesID=f109b1c9bea847d6ed95c007b7393878 
Importing 'GUID: d5f0b0adc6826e9dd3b72e292e8438be - Path: Packages/com.unity.modules.unitywebrequestassetbundle' with importer (DefaultImporter)
Imported 'GUID: d5f0b0adc6826e9dd3b72e292e8438be' -> (Import Result ID: '70b7865343eefff2753d8f8def17c951') in 0.000 seconds [static dependencies only]. Details - ImportResultOutputID=28545450f0f8fe7184e75065d2eaebce DependenciesID=a5ec12b65aac20c0188dce3181104c40 StaticDependenciesID=d8e30e95b78c5c4d8ef9d264ed85a76b 
Importing 'GUID: 56b94a5b6990c879bb0f057719d1064b - Path: Packages/com.unity.modules.subsystems' with importer (DefaultImporter)
Imported 'GUID: 56b94a5b6990c879bb0f057719d1064b' -> (Import Result ID: '6582c24a2c22bb9487eb60f03f15e640') in 0.000 seconds [static dependencies only]. Details - ImportResultOutputID=0e619aa1d83b61217ae2e97dfc45d4e9 DependenciesID=4c6a770cb4e30a92abc45f18a93148cd StaticDependenciesID=71bcdb26976ba5aaca917fbafe1a5a85 
Importing 'GUID: d6c6a000a805f00649b36b542e8426c2 - Path: Packages/com.unity.modules.unityanalytics' with importer (DefaultImporter)
Imported 'GUID: d6c6a000a805f00649b36b542e8426c2' -> (Import Result ID: 'aac2c452be133576cd5e881564886500') in 0.000 seconds [static dependencies only]. Details - ImportResultOutputID=bf660bcbf114683b66648691531e6d07 DependenciesID=568aa7472433c2f1ef61227974ff5742 StaticDependenciesID=7dbf869ecc8712eaf3b5d6e46acf862d 
Importing 'GUID: d6db7caf2e852b75ebb9c6098418179c - Path: Packages/com.unity.modules.physics' with importer (DefaultImporter)
Imported 'GUID: d6db7caf2e852b75ebb9c6098418179c' -> (Import Result ID: '3be31cd571d86302122c2fbd040a54fe') in 0.000 seconds [static dependencies only]. Details - ImportResultOutputID=ca9e398e0fe23d8852b03b4ef733b883 DependenciesID=7280b59d3b74262aea8686fbc3020be8 StaticDependenciesID=cf4c3d5428251d80a90b0ad594809e5f 
Importing 'GUID: 376c84ea405e0f2b80562c23bb977216 - Path: Packages/com.unity.modules.physics2d' with importer (DefaultImporter)
Imported 'GUID: 376c84ea405e0f2b80562c23bb977216' -> (Import Result ID: '0dc0bc826dbb6a655de29a92779ca8f7') in 0.000 seconds [static dependencies only]. Details - ImportResultOutputID=3c523e0fa92287aeca10533038c4ad8c DependenciesID=fb8e35e6fa5947f9a4f1648b4b71a6b0 StaticDependenciesID=d405ef47b73d15923aefb5e36e86e935 
Importing 'GUID: b77b1ad9c05af0412725856c6c53b037 - Path: Packages/com.unity.modules.wind' with importer (DefaultImporter)
Imported 'GUID: b77b1ad9c05af0412725856c6c53b037' -> (Import Result ID: 'd1356e6812f00c9591b06ac00202690b') in 0.000 seconds [static dependencies only]. Details - ImportResultOutputID=20914c3eb4d4a40f977811ac372be123 DependenciesID=e35d3af62e89902ce6b483eb5767412f StaticDependenciesID=6453d3836424fb8e5f0ebcbd98d7e4cb 
Importing 'GUID: 2808ba6bccb2478ec9c7209d8bf1f3cc - Path: Packages/com.unity.modules.uielements' with importer (DefaultImporter)
Imported 'GUID: 2808ba6bccb2478ec9c7209d8bf1f3cc' -> (Import Result ID: 'b02d7cd9fb5ea8603b55108f3b726d3d') in 0.000 seconds [static dependencies only]. Details - ImportResultOutputID=43ac9c1bd0c2e88ddb17cc3ac3d457f4 DependenciesID=edae43a70b7d6770a776e7b0f0017aa8 StaticDependenciesID=514c5676a15e0531ef3508223c53da30 
Importing 'GUID: 38e3a8976f0b9c586b6dfbcef4e4066c - Path: Packages/com.unity.modules.unitywebrequestaudio' with importer (DefaultImporter)
Imported 'GUID: 38e3a8976f0b9c586b6dfbcef4e4066c' -> (Import Result ID: '671af01fd62a437681ee87b7682a0f52') in 0.000 seconds [static dependencies only]. Details - ImportResultOutputID=fa5586dfb87647a6c685707600b86782 DependenciesID=bd371f3e8f93e05cec5fbd79b7104fef StaticDependenciesID=5dbffe0e8d73244830933bdb32251216 
Importing 'GUID: 48b10b41f58d5b49717f376cda59eeb8 - Path: Packages/com.unity.modules.particlesystem' with importer (DefaultImporter)
Imported 'GUID: 48b10b41f58d5b49717f376cda59eeb8' -> (Import Result ID: 'c07c4ddb0df1261b75a856e2b4805d19') in 0.000 seconds [static dependencies only]. Details - ImportResultOutputID=bbc465d3d6faacd80c5d2d6b9e298635 DependenciesID=130d21d560e217c534c25c722b8fabeb StaticDependenciesID=c72dff301597e092262cbe5c606aa4d1 
Importing 'GUID: 783ee1c8fd4414848db1be97aacf44fb - Path: Packages/com.unity.modules.accessibility' with importer (DefaultImporter)
Imported 'GUID: 783ee1c8fd4414848db1be97aacf44fb' -> (Import Result ID: '10f3f2183013983fbf6bcd087d03b97b') in 0.000 seconds [static dependencies only]. Details - ImportResultOutputID=9ceb99a21b9f1e61183206a57a741925 DependenciesID=62db83b32de75e99e6372269284b9ed5 StaticDependenciesID=a1b54e2544cad25e2581a68a81ec0d6c 
Importing 'GUID: 09e28640d754a611467eebfb261ed749 - Path: Packages/com.unity.modules.tilemap' with importer (DefaultImporter)
Imported 'GUID: 09e28640d754a611467eebfb261ed749' -> (Import Result ID: 'ebd352517667d8443f671f0c9184d205') in 0.000 seconds [static dependencies only]. Details - ImportResultOutputID=84462fd97657c416dad9f0a01ba73192 DependenciesID=29d3bfe7d456d8907a03020739d7e01c StaticDependenciesID=ce44db5148078eb257abac946542876a 
Importing 'GUID: 39728903e57c60021f80449a8bbc0096 - Path: Packages/com.unity.modules.ui' with importer (DefaultImporter)
Imported 'GUID: 39728903e57c60021f80449a8bbc0096' -> (Import Result ID: '14af1c1fe9b4344526c7abc7277865ba') in 0.000 seconds [static dependencies only]. Details - ImportResultOutputID=d7a4a57fb3c24edd8687328a72cff587 DependenciesID=0cabb1fe237f6e2870db6cbe4fe7714d StaticDependenciesID=7987e1d1c98b48c5c9b0f2593535bcb6 
Importing 'GUID: 995c08a3305ff9f0dab5e86f340bd9a7 - Path: Packages/com.unity.modules.androidjni' with importer (DefaultImporter)
Imported 'GUID: 995c08a3305ff9f0dab5e86f340bd9a7' -> (Import Result ID: '7b492b591b9d3584a296b7b0684c5401') in 0.000 seconds [static dependencies only]. Details - ImportResultOutputID=30c3e7dc197ceabd471c943bc8eba608 DependenciesID=faf61f76801951cfa59516412b2b13b1 StaticDependenciesID=7fd9f0004f17629d4d9d9feca2f3e278 
Importing 'GUID: b975297a992381c1f3257d0e96892c8a - Path: Packages/com.unity.modules.adaptiveperformance' with importer (DefaultImporter)
Imported 'GUID: b975297a992381c1f3257d0e96892c8a' -> (Import Result ID: '09b5737ae59228e363abcb2ff4185182') in 0.000 seconds [static dependencies only]. Details - ImportResultOutputID=7f7b3e23eb4697a89925ff793958e5e5 DependenciesID=189ada4fed7b7e887deb266fb88527db StaticDependenciesID=35431dd8b0e2dfe624f935c9489c30b6 
Importing 'GUID: e9a46d0940097b5c2c483622a7effc59 - Path: Packages/com.unity.multiplayer.center' with importer (DefaultImporter)
Imported 'GUID: e9a46d0940097b5c2c483622a7effc59' -> (Import Result ID: 'e523951dcd125a076ea11b3bb912a5a4') in 0.000 seconds [static dependencies only]. Details - ImportResultOutputID=f3046c93bbe9d773216fbea661ffa254 DependenciesID=c766819d23994bdbd17a22e78887e13c StaticDependenciesID=a60614908a50f61a37fbff7285f33632 
Importing 'GUID: 6b81377a4453ba7362eb3322f9bcc6c6 - Path: Packages/com.unity.modules.hierarchycore' with importer (DefaultImporter)
Imported 'GUID: 6b81377a4453ba7362eb3322f9bcc6c6' -> (Import Result ID: 'e0668cd424b6bb12556c4c88c74d266e') in 0.000 seconds [static dependencies only]. Details - ImportResultOutputID=75a6fa83ac96f5339da373cd4f5c6e37 DependenciesID=8b451ff511200feb68aa856fdbe872bd StaticDependenciesID=7e87cdcfb0cb51b1a17de4888a09662e 
Importing 'GUID: 1cf2469083ffa484da4d78dd70d708e8 - Path: Packages/com.unity.modules.vehicles' with importer (DefaultImporter)
Imported 'GUID: 1cf2469083ffa484da4d78dd70d708e8' -> (Import Result ID: 'd484d24194dbdf33022056e2b1813ffc') in 0.000 seconds [static dependencies only]. Details - ImportResultOutputID=62c710cd8c5682c589eec3677adcbda2 DependenciesID=f186032b2bf68e59cc971d537d17d2b7 StaticDependenciesID=a6d63e74cac70c2a50bb8c5412507381 
Importing 'GUID: 9c7c268fa6492449654839df69f2a2f4 - Path: Packages/com.unity.modules.umbra' with importer (DefaultImporter)
Imported 'GUID: 9c7c268fa6492449654839df69f2a2f4' -> (Import Result ID: 'e3e7590697be8f3eaf22563b99c0de12') in 0.000 seconds [static dependencies only]. Details - ImportResultOutputID=bf70ea01e70089eaf818b9fb19bb1807 DependenciesID=89e18838790933a04d251fbe0a66feeb StaticDependenciesID=7b52fe256f656cb19fb4a481542b8de1 
Importing 'GUID: dcc8c6e92b172a65719af5ddf47dd968 - Path: Packages/com.unity.modules.unitywebrequestwww' with importer (DefaultImporter)
Imported 'GUID: dcc8c6e92b172a65719af5ddf47dd968' -> (Import Result ID: 'c5e9d32991bc480f4abb3007e4eafc20') in 0.000 seconds [static dependencies only]. Details - ImportResultOutputID=1475fc509da6d933479c8ee5d6c4eeff DependenciesID=ac2c13c6e43956af0f433e1db96c09c1 StaticDependenciesID=a210a1122b7dd2b944cf4a2ed39f7ebc 
Importing 'GUID: fc3a810351931f5e6183e16b9beb5563 - Path: Packages/com.unity.modules.jsonserialize' with importer (DefaultImporter)
Imported 'GUID: fc3a810351931f5e6183e16b9beb5563' -> (Import Result ID: '64859958ccf1e2db5e09c361794e1f6c') in 0.000 seconds [static dependencies only]. Details - ImportResultOutputID=65186f4186bf0f33d3946d1d6d75958c DependenciesID=fae883bb4d985a9d790ce2593e9c8994 StaticDependenciesID=8295b792470579d57941ab04af89f790 
Importing 'GUID: 2d142b475fbfb8cf12ba3a795194300a - Path: Packages/com.unity.modules.director' with importer (DefaultImporter)
Imported 'GUID: 2d142b475fbfb8cf12ba3a795194300a' -> (Import Result ID: '167747f1a52f7eb4b212682fa6b81066') in 0.000 seconds [static dependencies only]. Details - ImportResultOutputID=ba08ff1508e195419df3d8b0ff8d3bd4 DependenciesID=2a8c15376a777b59f5a42aff7460a7a4 StaticDependenciesID=8a4bebab4fddb3fbbc3d794ac30153f9 
Importing 'GUID: 2d6ba5cbe47e6ad3c87474c56174d4e0 - Path: Packages/com.unity.modules.audio' with importer (DefaultImporter)
Imported 'GUID: 2d6ba5cbe47e6ad3c87474c56174d4e0' -> (Import Result ID: 'fdaaaea30fe180bc04e461a556693a1f') in 0.000 seconds [static dependencies only]. Details - ImportResultOutputID=8643a11ddcb415e1ae77356bdcd0e31f DependenciesID=25f9d0671fd0d4f37da2ead7c31143a5 StaticDependenciesID=2ff39f5c93529778aafe692e74132cab 
Importing 'GUID: ede0462698a4a5643aa9872c074acd38 - Path: Packages/com.unity.modules.video' with importer (DefaultImporter)
Imported 'GUID: ede0462698a4a5643aa9872c074acd38' -> (Import Result ID: 'fa19b458bd2a38be7835f7111b4c3b00') in 0.000 seconds [static dependencies only]. Details - ImportResultOutputID=f060305cf9a7601b6327f110dec53cf0 DependenciesID=cf4ce5fadf52fddb0bffa88be07c62b5 StaticDependenciesID=8313ec214f0a7d580df79b565c2e82eb 
Importing 'GUID: fd871a8be47119612f7c254e96a822b7 - Path: Packages/com.unity.modules.ai' with importer (DefaultImporter)
Imported 'GUID: fd871a8be47119612f7c254e96a822b7' -> (Import Result ID: 'f8db8ee4e19ca7875270c13a11649b9b') in 0.000 seconds [static dependencies only]. Details - ImportResultOutputID=0bf4624736b8f9ba8d25427695ddd8c6 DependenciesID=8407d264e2870fa733ca8b75f27696c2 StaticDependenciesID=60ac55ba0f0e83ff0744e349017d5e96 
Importing 'GUID: 5e22a8d6e557a1b3cae09054b0b5f9d8 - Path: Packages/com.unity.modules.physicscore2d' with importer (DefaultImporter)
Imported 'GUID: 5e22a8d6e557a1b3cae09054b0b5f9d8' -> (Import Result ID: '105150cf53106daea2c5b3b41c4cbfb5') in 0.000 seconds [static dependencies only]. Details - ImportResultOutputID=8aeec98806d48c587b06189bc919a668 DependenciesID=85fe88ca4f4fdbd538864fc4ce324b20 StaticDependenciesID=9bca5bb16668432354f208a37b47fd54 
Importing 'GUID: 6e1c8b97ec8aa0464e92506ffe099558 - Path: Packages/com.unity.modules.terrain' with importer (DefaultImporter)
Imported 'GUID: 6e1c8b97ec8aa0464e92506ffe099558' -> (Import Result ID: '691f9fd178c2f3bbd1b2c7f2e9e05f53') in 0.000 seconds [static dependencies only]. Details - ImportResultOutputID=81f0943dd12638364c9481b7c44326f7 DependenciesID=212473a748fd45bb74c9242a5a6b2e09 StaticDependenciesID=5d2cbab9c5d748eaf3eea6e5cf9bdbdd 
Importing 'GUID: 6f1c7ebc8ac78cb951be24c238cbd3ba - Path: Packages/com.unity.modules.unitywebrequesttexture' with importer (DefaultImporter)
Imported 'GUID: 6f1c7ebc8ac78cb951be24c238cbd3ba' -> (Import Result ID: '93afd43b71ab37900db96810516c5a49') in 0.000 seconds [static dependencies only]. Details - ImportResultOutputID=f756e1201c1cee903471ba41f17534ce DependenciesID=06d199a8daaba2c3145c763f5e54ae9e StaticDependenciesID=6bbe53969b04c417474f509ba5dd9f7f 
Importing 'GUID: 72aad6ae0dafb492cbf852432441bb38 - Path: Packages/com.unity.multiplayer.center/Editor' with importer (DefaultImporter)
Imported 'GUID: 72aad6ae0dafb492cbf852432441bb38' -> (Import Result ID: '23c609bb5d3776500964e51d11a6f45d') in 0.000 seconds [static dependencies only]. Details - ImportResultOutputID=fd813adfe6f53e0e5a3fd1bde50dd9b3 DependenciesID=8ef256964616b8aaeb672279607547c7 StaticDependenciesID=bc7ad81b0c1796687e8b806f5aac6d62 
Importing 'GUID: f247964bd405431fbd31840f97bef608 - Path: Packages/com.unity.multiplayer.center/Common' with importer (DefaultImporter)
Imported 'GUID: f247964bd405431fbd31840f97bef608' -> (Import Result ID: '18e546c780168da06bda156e0e91d875') in 0.000 seconds [static dependencies only]. Details - ImportResultOutputID=758923f3b917a744e934a49667168e4f DependenciesID=3d17e158704414be44820745002ad775 StaticDependenciesID=0f5b0d577c40d764710f1d389fbef31d 
Importing 'GUID: baf75c9d3de4941df9ee5f3dd1d3bc34 - Path: Packages/com.unity.multiplayer.center/Tests' with importer (DefaultImporter)
Imported 'GUID: baf75c9d3de4941df9ee5f3dd1d3bc34' -> (Import Result ID: '0c02e1917e7d769a556dc804bd5c06a0') in 0.000 seconds [static dependencies only]. Details - ImportResultOutputID=472be40ede228cb93594a902416e88d6 DependenciesID=fccce4aff907ba582ab057da09426ca4 StaticDependenciesID=ab68b37705a23cb931c5480c6a2009c2 
Importing 'GUID: 21f32d2f4add49b3b11fadb6889a2156 - Path: Packages/com.unity.multiplayer.center/Editor/Analytics' with importer (DefaultImporter)
Imported 'GUID: 21f32d2f4add49b3b11fadb6889a2156' -> (Import Result ID: 'ec3530efaa925f242a1d7b37e2511fac') in 0.000 seconds [static dependencies only]. Details - ImportResultOutputID=7627045f4445b3bccda132ac184a65c4 DependenciesID=ff6e7ff7989a81eb99f21f83a83608f1 StaticDependenciesID=85dea544c47988addc3124f5c7fb5701 
Importing 'GUID: 22d3dbf8d488d49d2b1130d698010dee - Path: Packages/com.unity.multiplayer.center/Editor/Features' with importer (DefaultImporter)
Imported 'GUID: 22d3dbf8d488d49d2b1130d698010dee' -> (Import Result ID: 'fb0aa43c9511eaea9425541f2fe7f290') in 0.000 seconds [static dependencies only]. Details - ImportResultOutputID=fb074caa7d2abd29e270db3a9b71e3a9 DependenciesID=7611f4541bbe893b08bfab02cc86d1bb StaticDependenciesID=54f8b153f8514057e0408931b2954b52 
Importing 'GUID: 96c71b811fa50403690b154e216fe217 - Path: Packages/com.unity.multiplayer.center/Tests/Editor' with importer (DefaultImporter)
Imported 'GUID: 96c71b811fa50403690b154e216fe217' -> (Import Result ID: '2a7a53fb280c0e236360bfed22d5107d') in 0.000 seconds [static dependencies only]. Details - ImportResultOutputID=c9c8f2de7834bb2ffb0da4bb4f2955fa DependenciesID=3bf95d95c8f8c68e849b056e15257e44 StaticDependenciesID=1d182c1bd3b7e05db307ecf5c68fdd24 
Importing 'GUID: 1726448925bf4bd1af6ca883bae8ff3f - Path: Packages/com.unity.multiplayer.center/Editor/OnBoarding' with importer (DefaultImporter)
Imported 'GUID: 1726448925bf4bd1af6ca883bae8ff3f' -> (Import Result ID: 'd9fe39903bd0077ff616cf0212752ec0') in 0.000 seconds [static dependencies only]. Details - ImportResultOutputID=14950a62abf6548e54801ab788e1f49c DependenciesID=fb66be4914dfeef02bce245c95d7fb41 StaticDependenciesID=7000f935ff9a18704e106692518f6b56 
Importing 'GUID: 97646f506bf040e9bd4568124c8b425e - Path: Packages/com.unity.multiplayer.center/Editor/Recommendations' with importer (DefaultImporter)
Imported 'GUID: 97646f506bf040e9bd4568124c8b425e' -> (Import Result ID: '485e4f87182f6d1baf8dc9dbc78cedb9') in 0.000 seconds [static dependencies only]. Details - ImportResultOutputID=56d8246ba8918c014e8884d34d60ce31 DependenciesID=5120bfcae0085108497882361d021813 StaticDependenciesID=aac44ce2f7ab728e3b877892a0b5569b 
Importing 'GUID: a7f089ed51c2345ffb7ac0bc3562453f - Path: Packages/com.unity.multiplayer.center/Editor/Questionnaire' with importer (DefaultImporter)
Imported 'GUID: a7f089ed51c2345ffb7ac0bc3562453f' -> (Import Result ID: '8a9f186a82ded53d461d1b6da4524d8c') in 0.000 seconds [static dependencies only]. Details - ImportResultOutputID=961ee9ffe5dc2d5b9b5d9f6c51e99710 DependenciesID=b2743188ea84125ce1498a0557e34c1e StaticDependenciesID=f63abd8ddfec2a8be602d4c30e8276a8 
Importing 'GUID: 7a7dcde6448847648629a13d746ce966 - Path: Packages/com.unity.multiplayer.center/Editor/MultiplayerCenterWindow' with importer (DefaultImporter)
Imported 'GUID: 7a7dcde6448847648629a13d746ce966' -> (Import Result ID: '95372a6fcb56f96b5a653d4273d4bc48') in 0.000 seconds [static dependencies only]. Details - ImportResultOutputID=f055dd0afc5a900e3f0e5d75be0487c5 DependenciesID=b3b8c62840ad550240196f22508887e3 StaticDependenciesID=33a4932c971d396ab17d52c1bd069c07 
Importing 'GUID: 8e4d240cf158245a9945c4df01d83bc1 - Path: Packages/com.unity.multiplayer.center/Tests/Runtime' with importer (DefaultImporter)
Imported 'GUID: 8e4d240cf158245a9945c4df01d83bc1' -> (Import Result ID: '10e41c23d98ab64b33863115ddae6f01') in 0.000 seconds [static dependencies only]. Details - ImportResultOutputID=8d471bf8668065aa423a9a6138166117 DependenciesID=ec03e650b42b6bbda640bd973b69886b StaticDependenciesID=5c5786ead3ee721f908e630904d62f5e 
Importing 'GUID: 9bd34ec3fe8f4aed936c3a0cf2f32e56 - Path: Packages/com.unity.multiplayer.center/Editor/MultiplayerCenterWindow/UI' with importer (DefaultImporter)
Imported 'GUID: 9bd34ec3fe8f4aed936c3a0cf2f32e56' -> (Import Result ID: 'b48dfe06d07978df6274363d8fc6553f') in 0.000 seconds [static dependencies only]. Details - ImportResultOutputID=ccc1a09d4a030f52c953d2f3937aac55 DependenciesID=7bacf4804e64c8dc4167e0f92a364e35 StaticDependenciesID=5d66adcfff19caa3671999dd06866763 
Importing 'GUID: 34a09eb4d6e8d44989194a25525c5147 - Path: Packages/com.unity.multiplayer.center/Editor/MultiplayerCenterWindow/UI/Icons' with importer (DefaultImporter)
Imported 'GUID: 34a09eb4d6e8d44989194a25525c5147' -> (Import Result ID: '243ea0d6df4ab44092f6ff0fb8b7111c') in 0.000 seconds [static dependencies only]. Details - ImportResultOutputID=09fc5dce3344b58f3587b00bf4b13d7d DependenciesID=b828e0a8e97869abd6ec3633d124cd8a StaticDependenciesID=fa7c960be44424961bad7b2ca3eec27d 
Importing 'GUID: eab7f42d361b483aaa760c5909002312 - Path: Packages/com.unity.multiplayer.center/Editor/MultiplayerCenterWindow/UI/RecommendationView' with importer (DefaultImporter)
Imported 'GUID: eab7f42d361b483aaa760c5909002312' -> (Import Result ID: '9b69e80e5f44bfec80b8c9c45a205878') in 0.000 seconds [static dependencies only]. Details - ImportResultOutputID=378cb1e8c5b18b814304dca778da9b61 DependenciesID=0ef1e4dbdf1cdf2d67a998ba951edeb3 StaticDependenciesID=1154a8134540c29e60250ba3117dcdd8 
Importing 'GUID: 84abd2ab34a74600a33a3bb9d72859fe - Path: Packages/com.unity.multiplayer.center/Common/Unity.Multiplayer.Center.Common.asmdef' with importer (AssemblyDefinitionImporter)
Imported 'GUID: 84abd2ab34a74600a33a3bb9d72859fe' -> (Import Result ID: '6c9d115a901c33af4118f6ed6e4ddf04') in 0.000 seconds [static dependencies only]. Details - ImportResultOutputID=ac464dd06d5a61d0a978410378529929 DependenciesID=8be7870fb62e65952c5def4fd492d66f StaticDependenciesID=a853fd4a96f03492fa3c28ef0741167c 
Importing 'GUID: 2664430aff4254d79887d32c3fc1e221 - Path: Packages/com.unity.multiplayer.center/Tests/Runtime/Unity.Multiplayer.Center.Tests.asmdef' with importer (AssemblyDefinitionImporter)
Imported 'GUID: 2664430aff4254d79887d32c3fc1e221' -> (Import Result ID: 'b40132e89914e5c8b22d124c99b07cc5') in 0.001 seconds [static dependencies only]. Details - ImportResultOutputID=95a86e32d35475cb5d001317bedd07f9 DependenciesID=e2872515ede91ad4d24d7ab060306ec9 StaticDependenciesID=4e8dbf8795972d03aabfa130ea7048cb 
Importing 'GUID: 787ec048daec145b580d1134da5dd278 - Path: Packages/com.unity.multiplayer.center/Tests/Editor/Unity.Multiplayer.Center.Editor.Tests.asmdef' with importer (AssemblyDefinitionImporter)
Imported 'GUID: 787ec048daec145b580d1134da5dd278' -> (Import Result ID: '35604bfee40c3ed7c136cf9e7799216f') in 0.000 seconds [static dependencies only]. Details - ImportResultOutputID=5633ff3ec6bb0acbf28d7a77a2b8f7bf DependenciesID=1a6ffdcd75b6f22b16b95b17d091a4cb StaticDependenciesID=679fb8d695a64f5dbb0fa4f71fffe747 
Importing 'GUID: be17709716f1648caa5de6d0c38103ed - Path: Packages/com.unity.multiplayer.center/Editor/Unity.Multiplayer.Center.Editor.asmdef' with importer (AssemblyDefinitionImporter)
Imported 'GUID: be17709716f1648caa5de6d0c38103ed' -> (Import Result ID: '23ef6da53a5f71c63e20526ddba009bc') in 0.000 seconds [static dependencies only]. Details - ImportResultOutputID=10fe3792e6d1c78b2e7ea8dd1292fc3b DependenciesID=7e3273d718eacf13a5c79da027e74b14 StaticDependenciesID=dbdff9f679e801053751a0b9a741b7bf 
Importing 'GUID: 51fa60bb2bd1e5bc74e8cc95a7bfd5b7 - Path: Packages/com.unity.modules.ui/package.ModuleCompilationTrigger' with importer (DefaultImporter)
Imported 'GUID: 51fa60bb2bd1e5bc74e8cc95a7bfd5b7' -> (Import Result ID: 'da7146f36f38740ef799f0a8ef745d23') in 0.254 seconds [static dependencies only]. Details - ImportResultOutputID=97b097896283fafd162f5103b6da9350 DependenciesID=4055109e607a57d2f1170335fea6f5b6 StaticDependenciesID=5848334a9c3afd485e2598f9889c3997 
Importing 'GUID: 71136fc5cf34f2cc10be0e33c0b08019 - Path: Packages/com.unity.modules.unityanalytics/package.ModuleCompilationTrigger' with importer (DefaultImporter)
Imported 'GUID: 71136fc5cf34f2cc10be0e33c0b08019' -> (Import Result ID: 'c2cc8d44df7f5af9e1e985f1d9865d62') in 0.000 seconds [static dependencies only]. Details - ImportResultOutputID=aad00463857b0f3e239972e5a10e3f79 DependenciesID=a25355b1f61f4e9b345bac29fd9b08e8 StaticDependenciesID=41146bf4729f508cca7dacdbd0e1a276 
Importing 'GUID: a1c42005fe7c5d78585a77ce396a5eea - Path: Packages/com.unity.modules.tilemap/package.ModuleCompilationTrigger' with importer (DefaultImporter)
Imported 'GUID: a1c42005fe7c5d78585a77ce396a5eea' -> (Import Result ID: '9c3c1d0ba83a16e4c4a83a2f41692d08') in 0.000 seconds [static dependencies only]. Details - ImportResultOutputID=7c7d529048f5d74f6d499dae097a185f DependenciesID=5f8ce6bc7974e56dfdddc39a261f477e StaticDependenciesID=277d2b2428c983744b7499182ac4ba84 
Importing 'GUID: d104359075a97392b803d3d5aebc77f7 - Path: Packages/com.unity.modules.hierarchycore/package.ModuleCompilationTrigger' with importer (DefaultImporter)
Imported 'GUID: d104359075a97392b803d3d5aebc77f7' -> (Import Result ID: '8b98a5fe5858dc93826cc9182b55b8d6') in 0.000 seconds [static dependencies only]. Details - ImportResultOutputID=8ec3343e917ef007d455acfe45d3ee72 DependenciesID=d008787e17d87cb605ed1ccbc581003a StaticDependenciesID=94821274a794f23a96a8ba01e4b49dee 
Importing 'GUID: 222fc39b0c85d800342910da2cd64781 - Path: Packages/com.unity.modules.assetbundle/package.ModuleCompilationTrigger' with importer (DefaultImporter)
Imported 'GUID: 222fc39b0c85d800342910da2cd64781' -> (Import Result ID: '1101de849aa6e1f7c98985896880952a') in 0.000 seconds [static dependencies only]. Details - ImportResultOutputID=a4749f3da6b6adf8eaabf6e5477b2b7c DependenciesID=8b04f1ddbfa7431f89658cd91664d885 StaticDependenciesID=500cfa9f4f7e5cbc078b469ac6501081 
Importing 'GUID: d2ec2d1228c8e67cdd913cb5609176a2 - Path: Packages/com.unity.modules.unitywebrequest/package.ModuleCompilationTrigger' with importer (DefaultImporter)
Imported 'GUID: d2ec2d1228c8e67cdd913cb5609176a2' -> (Import Result ID: '296c61c72fc18aae62e029680fdf1f70') in 0.000 seconds [static dependencies only]. Details - ImportResultOutputID=37747859ed12efda2a92d3d840e79b06 DependenciesID=867908489ffc67ae501fabe328861d70 StaticDependenciesID=750bd098b18a5b61d3f5f7418463389e 
Importing 'GUID: e2d09a26ce46dc617b54e49a534ace20 - Path: Packages/com.unity.modules.ai/package.ModuleCompilationTrigger' with importer (DefaultImporter)
Imported 'GUID: e2d09a26ce46dc617b54e49a534ace20' -> (Import Result ID: 'e44138a037f95ae0f3555e190bed5c99') in 0.000 seconds [static dependencies only]. Details - ImportResultOutputID=01c973ad27769bdd61dcc3de2d8629ac DependenciesID=b69e40e5c70883eb0dd101c93a7ccd24 StaticDependenciesID=bbdbf9d032ba6d01cfa4bce94e2d803d 
Importing 'GUID: 23032f4383e95e772bce465c5896d0fd - Path: Packages/com.unity.modules.terrain/package.ModuleCompilationTrigger' with importer (DefaultImporter)
Imported 'GUID: 23032f4383e95e772bce465c5896d0fd' -> (Import Result ID: '7f50f6641b8329ddc918445dedab9710') in 0.000 seconds [static dependencies only]. Details - ImportResultOutputID=43caf76539e87b0b5e506fce22b32e8c DependenciesID=94d485d7451611581239c6468571fe1f StaticDependenciesID=0a97893ec1eeb18c8663bae8572305fa 
Importing 'GUID: 830a36a23cf3ab1e61fa47940a6dc35e - Path: Packages/com.unity.modules.imageconversion/package.ModuleCompilationTrigger' with importer (DefaultImporter)
Imported 'GUID: 830a36a23cf3ab1e61fa47940a6dc35e' -> (Import Result ID: 'c66208759bd0d44fd4d2a27542eefb33') in 0.000 seconds [static dependencies only]. Details - ImportResultOutputID=1312c79305670b6aa3bce9ff3efd03b9 DependenciesID=f8cb08a20abc734962c2341d4974f066 StaticDependenciesID=8d04c7f3854d2da2a085adb5c4d3be84 
Importing 'GUID: a31a332ce3485f00f7df8d987302a29c - Path: Packages/com.unity.modules.unitywebrequesttexture/package.ModuleCompilationTrigger' with importer (DefaultImporter)
Imported 'GUID: a31a332ce3485f00f7df8d987302a29c' -> (Import Result ID: 'f15c9af3d2039aaf9ce01f0bf8ff71ff') in 0.000 seconds [static dependencies only]. Details - ImportResultOutputID=54d1731c77f760b5355a2b1bfa92527b DependenciesID=d91119666f9007d1f765712f56c16fa4 StaticDependenciesID=dee0dcfd3ef57403565228da4125b8de 
Importing 'GUID: 042dc296246916648e55a43d0eeb2036 - Path: Packages/com.unity.modules.audio/package.ModuleCompilationTrigger' with importer (DefaultImporter)
Imported 'GUID: 042dc296246916648e55a43d0eeb2036' -> (Import Result ID: '825ada01a22a932fe6b253644dbb5f47') in 0.000 seconds [static dependencies only]. Details - ImportResultOutputID=ab0921e937c1d9c2d7fbdebe7091d6c2 DependenciesID=6049530c758a625436c89437f1cf97e1 StaticDependenciesID=533919d559210c186a6980f973acb706 
Importing 'GUID: 14e86f88e9a8c9c448d7e7df92f2aeec - Path: Packages/com.unity.modules.physicscore2d/package.ModuleCompilationTrigger' with importer (DefaultImporter)
Imported 'GUID: 14e86f88e9a8c9c448d7e7df92f2aeec' -> (Import Result ID: '770388cac41ce694b07489e2f2fbdbb4') in 0.000 seconds [static dependencies only]. Details - ImportResultOutputID=94d25b776bc28f679880cb17bd31ec6c DependenciesID=ffaa61fcace8cf822466238f111acb5a StaticDependenciesID=5ffdfec73670d4b28ccaa62dac2ca25a 
Importing 'GUID: 553737203d61a8109f9544a97201e1aa - Path: Packages/com.unity.modules.unitywebrequestaudio/package.ModuleCompilationTrigger' with importer (DefaultImporter)
Imported 'GUID: 553737203d61a8109f9544a97201e1aa' -> (Import Result ID: '7ca73d9034ac45ff1e0197fdf35e08a3') in 0.000 seconds [static dependencies only]. Details - ImportResultOutputID=ab514c5cded186b91986c4c830fcf71c DependenciesID=34850208eb119edf5d6622a5c610c106 StaticDependenciesID=247311b246c100a80666508820f68acb 
Importing 'GUID: e5c46c19ce0ce2e0103aa6f82df1043a - Path: Packages/com.unity.modules.vehicles/package.ModuleCompilationTrigger' with importer (DefaultImporter)
Imported 'GUID: e5c46c19ce0ce2e0103aa6f82df1043a' -> (Import Result ID: 'f77e4bccb0b3567a5c46f6fdc6f99ed9') in 0.000 seconds [static dependencies only]. Details - ImportResultOutputID=7ed92368dde83c4f4274e94d1167c911 DependenciesID=27d2964b74dc34c14b0189b826737101 StaticDependenciesID=58c585336f8155249eb983aaea149696 
Importing 'GUID: 7610600f5c83e01041a6fe849d39279f - Path: Packages/com.unity.modules.unitywebrequestassetbundle/package.ModuleCompilationTrigger' with importer (DefaultImporter)
Imported 'GUID: 7610600f5c83e01041a6fe849d39279f' -> (Import Result ID: 'bfef23b9481899930568bcc1f4643467') in 0.000 seconds [static dependencies only]. Details - ImportResultOutputID=8003247251fb87c113fccdf168b06d46 DependenciesID=30f2e91d26e25092783770b9c887ec1e StaticDependenciesID=c2c7775d2cb060c8f328513614b8d3d0 
Importing 'GUID: e6a135e3ea9cb46795d1b0e05ac3e1e5 - Path: Packages/com.unity.modules.jsonserialize/package.ModuleCompilationTrigger' with importer (DefaultImporter)
Imported 'GUID: e6a135e3ea9cb46795d1b0e05ac3e1e5' -> (Import Result ID: '4cdab18d31f425b5b000c178ce4411d7') in 0.000 seconds [static dependencies only]. Details - ImportResultOutputID=16fe18d7d4fb3289b89d1d866fdd26db DependenciesID=13fef97da21472d8b844ad9b278d33c8 StaticDependenciesID=4a0c3cda941c34f53512e620dc71b2ee 
Importing 'GUID: f62135e79edb837b2d2ee3c524da864c - Path: Packages/com.unity.modules.video/package.ModuleCompilationTrigger' with importer (DefaultImporter)
Imported 'GUID: f62135e79edb837b2d2ee3c524da864c' -> (Import Result ID: 'b1c90bbcac1740bfef19081eb2624ac9') in 0.000 seconds [static dependencies only]. Details - ImportResultOutputID=f343425462c7ecc24009b61dff957b85 DependenciesID=0b41a7c0880be7c0cfc3123e3cc9df88 StaticDependenciesID=3ed9b40a0b2b3c1dc15c737a860738bd 
Importing 'GUID: 17f093324b67f5bd57e55b546736750e - Path: Packages/com.unity.modules.particlesystem/package.ModuleCompilationTrigger' with importer (DefaultImporter)
Imported 'GUID: 17f093324b67f5bd57e55b546736750e' -> (Import Result ID: '0d2ddc786bdac7bda467072911da8e98') in 0.000 seconds [static dependencies only]. Details - ImportResultOutputID=0355b1352b2efc29f8c3d4c7ae63c7f1 DependenciesID=2958690ec73685b53b2fcd9cfd0b1254 StaticDependenciesID=85089510f0b3bed9d5698cc35811e520 
Importing 'GUID: 4745d06d5a7ca576dcf9e5e67b417652 - Path: Packages/com.unity.modules.accessibility/package.ModuleCompilationTrigger' with importer (DefaultImporter)
Imported 'GUID: 4745d06d5a7ca576dcf9e5e67b417652' -> (Import Result ID: '9f46fc08ebc806e148b3028026b922b2') in 0.000 seconds [static dependencies only]. Details - ImportResultOutputID=532470ed0227c311b25c8c9e8ba79400 DependenciesID=503091816945cb75b8aff54ef6e48dc4 StaticDependenciesID=2a1163b04495b287eee3f28aa095c5e4 
Importing 'GUID: c7a8b0317f4e68556d7509828e9e211e - Path: Packages/com.unity.modules.xr/package.ModuleCompilationTrigger' with importer (DefaultImporter)
Imported 'GUID: c7a8b0317f4e68556d7509828e9e211e' -> (Import Result ID: '3aae1004c356c0174b1d2014ff417205') in 0.000 seconds [static dependencies only]. Details - ImportResultOutputID=ae1b559a8646648d57c418658f22c1c3 DependenciesID=2a40ad50e5d83660c4346aa85c6f1fd5 StaticDependenciesID=e650a17c51a74b75b8ae09276ca1089c 
Importing 'GUID: 082fbee38a82835433261a5e9c00e267 - Path: Packages/com.unity.modules.cloth/package.ModuleCompilationTrigger' with importer (DefaultImporter)
Imported 'GUID: 082fbee38a82835433261a5e9c00e267' -> (Import Result ID: '68fe0adc66ccdd7718aefeef9e3899e7') in 0.000 seconds [static dependencies only]. Details - ImportResultOutputID=4484322f1fd307127a580e9b17cedb30 DependenciesID=b765e8dda1143a901b43862a90264c61 StaticDependenciesID=ef9fa225c23aecc2cc2d8ab5316d82e8 
Importing 'GUID: c82e859b16636ddd2ca4a1f63fd34938 - Path: Packages/com.unity.modules.androidjni/package.ModuleCompilationTrigger' with importer (DefaultImporter)
Imported 'GUID: c82e859b16636ddd2ca4a1f63fd34938' -> (Import Result ID: '1f7bd7b9ff84e0c63a1f30c0158813f6') in 0.000 seconds [static dependencies only]. Details - ImportResultOutputID=6a7f1eafcdb81a627586a74a505019b9 DependenciesID=7588d1a84adbbe84b3d276918e369fb4 StaticDependenciesID=00e8d98cc8487c72fc0bb1d83327e9f8 
Importing 'GUID: c88e90bad18cceb5d182d0c805883056 - Path: Packages/com.unity.modules.director/package.ModuleCompilationTrigger' with importer (DefaultImporter)
Imported 'GUID: c88e90bad18cceb5d182d0c805883056' -> (Import Result ID: '692b721ebaf01bf42014eff7cc287474') in 0.000 seconds [static dependencies only]. Details - ImportResultOutputID=5d286ef98cbac13e3d0e345aac901e4f DependenciesID=94ff21374e1176d68a537fdc52c3a414 StaticDependenciesID=02cee57ef9a66eaa5c0a5baea26241f2 
Importing 'GUID: 1af35a910338381f753e8a985eb5daab - Path: Packages/com.unity.modules.adaptiveperformance/package.ModuleCompilationTrigger' with importer (DefaultImporter)
Imported 'GUID: 1af35a910338381f753e8a985eb5daab' -> (Import Result ID: 'cce3e3bb6c2e43a4c05545493add7f67') in 0.000 seconds [static dependencies only]. Details - ImportResultOutputID=949634ab36822f8ff6168fc8c25e1508 DependenciesID=a86133a3cbf7d81a9d34c70dc70d412d StaticDependenciesID=72d9c9e598d42b502a015ca49e111ab5 
Importing 'GUID: 2adec19fac7df68adf1fd6eb83197bb1 - Path: Packages/com.unity.modules.wind/package.ModuleCompilationTrigger' with importer (DefaultImporter)
Imported 'GUID: 2adec19fac7df68adf1fd6eb83197bb1' -> (Import Result ID: '6a2f4ddbbdd2cee0e833c8e9b60c4930') in 0.000 seconds [static dependencies only]. Details - ImportResultOutputID=d94addc5fcd1dcd16d8a4aeff6e7315b DependenciesID=90bea73b66bc5a3ec0ae4d79132e1e3f StaticDependenciesID=5c1313ac4c6fbfe87cf9835fd6ebbe0d 
Importing 'GUID: 8a752aaaadd2410dd9a84e01c1bace9f - Path: Packages/com.unity.modules.uielements/package.ModuleCompilationTrigger' with importer (DefaultImporter)
Imported 'GUID: 8a752aaaadd2410dd9a84e01c1bace9f' -> (Import Result ID: 'f5a6218cbaa15cada75203b875739241') in 0.000 seconds [static dependencies only]. Details - ImportResultOutputID=f40b7d6a35d44b9d0813e881de9232d1 DependenciesID=ae9d6671a8106c6b2fa0b26490f56329 StaticDependenciesID=4de3b68478c6fcd93c95f2488f338125 
Importing 'GUID: 1b6246f2248883964991eac9e9b4817c - Path: Packages/com.unity.modules.umbra/package.ModuleCompilationTrigger' with importer (DefaultImporter)
Imported 'GUID: 1b6246f2248883964991eac9e9b4817c' -> (Import Result ID: 'c2593cc550babef9c4ef15c744157af8') in 0.000 seconds [static dependencies only]. Details - ImportResultOutputID=007489b112d859d85ac111b51d2b96fd DependenciesID=10afff1fecbc2b084ea0602712887ed3 StaticDependenciesID=b0e764f8a48c9617485bdd19a3be1f5f 
Importing 'GUID: cbb1a39d56ce4d9ac1a46ac505893fa7 - Path: Packages/com.unity.modules.terrainphysics/package.ModuleCompilationTrigger' with importer (DefaultImporter)
Imported 'GUID: cbb1a39d56ce4d9ac1a46ac505893fa7' -> (Import Result ID: 'c4e7922eced96fe170efe150661d1ab0') in 0.000 seconds [static dependencies only]. Details - ImportResultOutputID=62cb9b240430335886efec9a08c66b57 DependenciesID=ae5984d24878f2f9077435a5c18e04f6 StaticDependenciesID=ba12fc2658ed2d75c63a988a6e36bf9c 
Importing 'GUID: db8e609a39b9b231fccc54e5fa4cbd1b - Path: Packages/com.unity.modules.animation/package.ModuleCompilationTrigger' with importer (DefaultImporter)
Imported 'GUID: db8e609a39b9b231fccc54e5fa4cbd1b' -> (Import Result ID: 'c7dc61610ffe66c8b2c450fffe021fd6') in 0.000 seconds [static dependencies only]. Details - ImportResultOutputID=288139cac869a1d040c89eaede133db4 DependenciesID=acfd7624339c3516e2c486656c526f65 StaticDependenciesID=13c33991cd0835ecf3f1eb8d54af3532 
Importing 'GUID: 3cc1ebf2abb7fef6871ad48f499b6e21 - Path: Packages/com.unity.modules.vectorgraphics/package.ModuleCompilationTrigger' with importer (DefaultImporter)
Imported 'GUID: 3cc1ebf2abb7fef6871ad48f499b6e21' -> (Import Result ID: 'ec299a4f0aae8a8e3bbfb324e4cfef53') in 0.000 seconds [static dependencies only]. Details - ImportResultOutputID=a4c87958b226c4f900fbf4d18311cf6f DependenciesID=a316c13e63a531aea7592a16adcf5e4d StaticDependenciesID=d424393493e3c0a7c18d61c53795eace 
Importing 'GUID: 5c1ee4056d0ac7ad3c5a16597fcaa38a - Path: Packages/com.unity.modules.physics/package.ModuleCompilationTrigger' with importer (DefaultImporter)
Imported 'GUID: 5c1ee4056d0ac7ad3c5a16597fcaa38a' -> (Import Result ID: '55275c48f2a6e4d48c8aa1eeb75f6ed2') in 0.000 seconds [static dependencies only]. Details - ImportResultOutputID=47c1ddfb4cd3ec43bc350d5b06504d59 DependenciesID=48f26736b494d81c81a6df45682d2d56 StaticDependenciesID=bdc9ac5cc7a083ce43d55389511396dd 
Importing 'GUID: 8d4bc6bfa28760b29f13174d6b6ea710 - Path: Packages/com.unity.modules.subsystems/package.ModuleCompilationTrigger' with importer (DefaultImporter)
Imported 'GUID: 8d4bc6bfa28760b29f13174d6b6ea710' -> (Import Result ID: 'a3011318500a17343fe70ef583a7a064') in 0.000 seconds [static dependencies only]. Details - ImportResultOutputID=498ca2a2c24aa041ab5e98f608209a1b DependenciesID=877ad71b259b1853ca3cbcd22dbeced1 StaticDependenciesID=8f5974be53fcdb5273b9ca84be24fb20 
Importing 'GUID: cd561f5f687aed43bf280c27a84f79e3 - Path: Packages/com.unity.modules.screencapture/package.ModuleCompilationTrigger' with importer (DefaultImporter)
Imported 'GUID: cd561f5f687aed43bf280c27a84f79e3' -> (Import Result ID: '40aa626f7f34fb94afc221a2df05fb54') in 0.000 seconds [static dependencies only]. Details - ImportResultOutputID=3eb1964e8afbff2c421e099475927610 DependenciesID=932a9ff0221b28edb200a972ce2652f5 StaticDependenciesID=cb7d0a479851b0ff42d76c80e71ee100 
Importing 'GUID: ae87256f29d9c8b50490f4caf75b2c41 - Path: Packages/com.unity.modules.unitywebrequestwww/package.ModuleCompilationTrigger' with importer (DefaultImporter)
Imported 'GUID: ae87256f29d9c8b50490f4caf75b2c41' -> (Import Result ID: 'cf780f352da2f408d3699135526f8105') in 0.000 seconds [static dependencies only]. Details - ImportResultOutputID=79dda7a6ac07c59209ba94225ee33d24 DependenciesID=f5cac70939bf0516a32dd3f985297119 StaticDependenciesID=721e253293ef645f167612dcbc81e8bf 
Importing 'GUID: be13c398521e3c1ad21fb9da30ab2ab6 - Path: Packages/com.unity.modules.imgui/package.ModuleCompilationTrigger' with importer (DefaultImporter)
Imported 'GUID: be13c398521e3c1ad21fb9da30ab2ab6' -> (Import Result ID: 'b271e59c9cc378c98b4a96aa59e0c678') in 0.000 seconds [static dependencies only]. Details - ImportResultOutputID=68bbcc9e8372c6860b60d924cb4f595c DependenciesID=0f048d2c25447920d8aee15b7f46bdba StaticDependenciesID=c60d30096816420cf21f408d2eaffbc8 
Importing 'GUID: fe6a6957b37b61417b457a1e0541791d - Path: Packages/com.unity.modules.physics2d/package.ModuleCompilationTrigger' with importer (DefaultImporter)
Imported 'GUID: fe6a6957b37b61417b457a1e0541791d' -> (Import Result ID: 'bf99c7c3fa8aead1b3b167c8bea112f4') in 0.000 seconds [static dependencies only]. Details - ImportResultOutputID=007ff8c01aa675f4b695ba99a36210ad DependenciesID=88b918f05d5ac819ead3a3b060478b14 StaticDependenciesID=111770f12ca0822f165f44c14271bd5e 
Native extension for OSXStandalone target not found
Native extension for WebGL target not found
ScheduleIndexationOnStartup MainProcess:True IndexOnStartup:True
Mono: successfully reloaded assembly
- Finished resetting the current domain, in  0.198 seconds
Domain Reload Profiling: 399ms
	BeginReloadAssembly (132ms)
		DisableScriptedObjects (41ms)
		CreateAndSetChildDomain (19ms)
	RebuildCommonClasses (4ms)
	RebuildNativeTypeToScriptingClass (8ms)
	initialDomainReloadingComplete (13ms)
	LoadAllAssembliesAndSetupDomain (44ms)
		LoadAssemblies (48ms)
		AnalyzeDomain (7ms)
			TypeCache.Refresh (4ms)
	FinalizeReload (199ms)
		SetupLoadedEditorAssemblies (0ms)
			BeforeProcessingInitializeOnLoad (37ms)
			ProcessInitializeOnLoadAttributes (52ms)
			ProcessInitializeOnLoadMethodAttributes (36ms)
		AwakeInstancesAfterBackupRestoration (7ms)
Importing 'GUID: 00000000000000005000000000000000 - Path: Library/BuildPlayer.prefs' with importer (DefaultImporter)
Imported 'GUID: 00000000000000005000000000000000' -> (Import Result ID: '26e9c7e281adb4cf8f3ea59b4c171d86') in 0.004 seconds [static dependencies only]. Details - ImportResultOutputID=1f9c19b30680da8dab47159f77a4e657 DependenciesID=14a8d38dd6eb846d74b0ecabdcf1e954 StaticDependenciesID=6a158df055d9d94d7d60efaaf8b24b39 
Importing 'GUID: a659150180ae3489ba41c71780ba3779 - Path: Packages/com.unity.multiplayer.center/Editor/Questionnaire/Questionnaire.questionnaire' with importer (DefaultImporter)
Imported 'GUID: a659150180ae3489ba41c71780ba3779' -> (Import Result ID: '19471d562c476916d1f667ed6008dc50') in 0.017 seconds [static dependencies only]. Details - ImportResultOutputID=d0013f3317022cee9d3e980e4260305c DependenciesID=0fcde0876bb965152ac9d9ca7a0177c8 StaticDependenciesID=0a7d03a814e41bbda829ef673fdc0f39 
Importing 'GUID: b66d076cdcfe3b14388de66307a0e7ff - Path: Packages/com.unity.multiplayer.center/Editor/Recommendations/RecommendationData_6000.0.recommendations' with importer (DefaultImporter)
Imported 'GUID: b66d076cdcfe3b14388de66307a0e7ff' -> (Import Result ID: 'd443778e565afac5b404b4a3c8ba5151') in 0.017 seconds [static dependencies only]. Details - ImportResultOutputID=c9abb0b20a8e8219707b06aa304df842 DependenciesID=dac82d15893b578599403115b66b9eb1 StaticDependenciesID=489e637ea4b10fba937871ecc0bed6f8 
Importing 'GUID: 318df756abab5463e9aa361360784865 - Path: Packages/com.unity.multiplayer.center/Editor/MultiplayerCenterWindow/UI/Icons/d_PackageInstalled@2x.png' with importer (TextureImporter)
Imported 'GUID: 318df756abab5463e9aa361360784865' -> (Import Result ID: 'a79b19a51e76f2b5ad6287f46a389a53') in 0.006 seconds [static and dynamic dependencies]. Details - ImportResultOutputID=7b3e219e801b2970aa4b8e91a6e014c3 DependenciesID=d218d463ae5c0f2a7f071bb7d3a6a319 StaticDependenciesID=676a434c83d6f0fc85958ffc61b2c34a 
Importing 'GUID: 424a8de5def3b46dcb08edd00ad1c7bd - Path: Packages/com.unity.multiplayer.center/Editor/MultiplayerCenterWindow/UI/Icons/Loading.png' with importer (TextureImporter)
Imported 'GUID: 424a8de5def3b46dcb08edd00ad1c7bd' -> (Import Result ID: '287bbf69b5aa9274c37a902f42555c19') in 0.001 seconds [static and dynamic dependencies]. Details - ImportResultOutputID=d282ad8093f74d34f6e060380d3dca47 DependenciesID=be6e3cb2cc90c116a7d58268c12e911a StaticDependenciesID=d2f3fd67d2eac8d20da59d58a0bbfab1 
Importing 'GUID: 525a6cca8dd9a4d28875a8fe824710d9 - Path: Packages/com.unity.multiplayer.center/Editor/MultiplayerCenterWindow/UI/Icons/d_Package.png' with importer (TextureImporter)
Imported 'GUID: 525a6cca8dd9a4d28875a8fe824710d9' -> (Import Result ID: 'e08a2c505541cb5010cfe60b65459fe3') in 0.001 seconds [static and dynamic dependencies]. Details - ImportResultOutputID=bfcebfae71b9bb988a30de0d5672d4dd DependenciesID=3492e318782f706cfd16db4e3c28aee4 StaticDependenciesID=fd7ef6f900dcc98cd00dafa7c517e51f 
Importing 'GUID: a23c0dd570fd44b57a03a8880002fcca - Path: Packages/com.unity.multiplayer.center/Editor/MultiplayerCenterWindow/UI/Icons/CloudCode@2x.png' with importer (TextureImporter)
Imported 'GUID: a23c0dd570fd44b57a03a8880002fcca' -> (Import Result ID: 'df93f8b8a4093247364c950db59c9b37') in 0.001 seconds [static and dynamic dependencies]. Details - ImportResultOutputID=c6358fe51cf309f2c7477bfabb4ce260 DependenciesID=952a0392b7361321b8fae9b56de9f84e StaticDependenciesID=53eefbeb88874fa656c30a6992976ad9 
Importing 'GUID: b2ce704e56cc84fb3b347499263c6244 - Path: Packages/com.unity.multiplayer.center/Editor/MultiplayerCenterWindow/UI/Icons/ClientHosted.png' with importer (TextureImporter)
Imported 'GUID: b2ce704e56cc84fb3b347499263c6244' -> (Import Result ID: 'e901bf621b67b870553b33bea355350a') in 0.001 seconds [static and dynamic dependencies]. Details - ImportResultOutputID=cc27c384cc0ba0240ada9c80ad74bf50 DependenciesID=42ebf3df4a7916a777ab7fc2649ff87e StaticDependenciesID=dbbc280e9cfc9540e17337985e9432fd 
Importing 'GUID: 0354877031b64465ea7e5cafea1a2653 - Path: Packages/com.unity.multiplayer.center/Editor/MultiplayerCenterWindow/UI/Icons/DistributedAuthority@2x.png' with importer (TextureImporter)
Imported 'GUID: 0354877031b64465ea7e5cafea1a2653' -> (Import Result ID: '8295871bb62ee8553864cd4bc9b494ed') in 0.001 seconds [static and dynamic dependencies]. Details - ImportResultOutputID=6fbec03b71bcb2ec1e8547a88707b22f DependenciesID=64f1e2b159950351bc56d8c315706210 StaticDependenciesID=c59afa8e6d1c388ec3739dc5d4f0ae91 
Importing 'GUID: 83b28bcaaf34b4fd580114fb05d9f160 - Path: Packages/com.unity.multiplayer.center/Editor/MultiplayerCenterWindow/UI/Icons/NGO@2x.png' with importer (TextureImporter)
Imported 'GUID: 83b28bcaaf34b4fd580114fb05d9f160' -> (Import Result ID: 'b541d29f8bff04f0d59c4393223a27ac') in 0.001 seconds [static and dynamic dependencies]. Details - ImportResultOutputID=772dcb03e60369106ef365319a87db82 DependenciesID=49be32f3020969f265981d2d1fac9991 StaticDependenciesID=8c84be2703390f97b8325aa11fb5feb6 
Importing 'GUID: 0423146d9f51c4563a0f2a8200b6cd38 - Path: Packages/com.unity.multiplayer.center/Editor/MultiplayerCenterWindow/UI/Icons/PackageInstalled@2x.png' with importer (TextureImporter)
Imported 'GUID: 0423146d9f51c4563a0f2a8200b6cd38' -> (Import Result ID: '0555026613a651c9315a4f1d9d6fcec8') in 0.000 seconds [static and dynamic dependencies]. Details - ImportResultOutputID=1338de21f7c2fa4383e3ca88705830bc DependenciesID=8be1b3ec42e83e62d9de6f51d84bed3d StaticDependenciesID=d2b72c94d81bef7a36c9a6456d5d534f 
Importing 'GUID: 741761e72e6f24446bd8ba03ea3d0261 - Path: Packages/com.unity.multiplayer.center/Editor/MultiplayerCenterWindow/UI/Icons/d_Questionnaire.png' with importer (TextureImporter)
Imported 'GUID: 741761e72e6f24446bd8ba03ea3d0261' -> (Import Result ID: 'b6ef1849c2d866fe6de81da39e4079ab') in 0.000 seconds [static and dynamic dependencies]. Details - ImportResultOutputID=d5911952ab73fb9328acfd63824c964f DependenciesID=b09b7bc803337776d18b429232d7ed82 StaticDependenciesID=2e312d124cb545638026726eb3aa4349 
Importing 'GUID: 84e4bbd00035e4671bf14e0380a89001 - Path: Packages/com.unity.multiplayer.center/Editor/MultiplayerCenterWindow/UI/Icons/EmptyViewIcon.png' with importer (TextureImporter)
Imported 'GUID: 84e4bbd00035e4671bf14e0380a89001' -> (Import Result ID: '2ec0ce225eca67886f07b3c798df8d9a') in 0.002 seconds [static and dynamic dependencies]. Details - ImportResultOutputID=76d6b85aa8a15d4a8ae015f296f51ae1 DependenciesID=55c3bbfb683e9ba8ac1902772c268f53 StaticDependenciesID=91428acf996ced3bd7e3ad87eabbf0ba 
Importing 'GUID: 9431e8221045c4af189b2fa7174b9e9f - Path: Packages/com.unity.multiplayer.center/Editor/MultiplayerCenterWindow/UI/Icons/PackageManager@2x.png' with importer (TextureImporter)
Imported 'GUID: 9431e8221045c4af189b2fa7174b9e9f' -> (Import Result ID: '899c309cb526b1ad2b1cbb3f5a1edce4') in 0.000 seconds [static and dynamic dependencies]. Details - ImportResultOutputID=0eae79e74758a42dfbc55db26668e041 DependenciesID=49423cbdc65a72f63ba60e66cf526497 StaticDependenciesID=5415f7f8ef260c27f36d50103bcf79bf 
Importing 'GUID: b58a826ca804e4c67bab4283ad5a6102 - Path: Packages/com.unity.multiplayer.center/Editor/MultiplayerCenterWindow/UI/Icons/NoNetcode@2x.png' with importer (TextureImporter)
Imported 'GUID: b58a826ca804e4c67bab4283ad5a6102' -> (Import Result ID: '04690932badc2e5c642ad3c95fba303a') in 0.001 seconds [static and dynamic dependencies]. Details - ImportResultOutputID=a9ecf5976239b590b6d16619175052a5 DependenciesID=5dfd35d35a55d2413c699967e90089c9 StaticDependenciesID=1c4d2f91a1a2391f618a22de0cc9b848 
Importing 'GUID: 4616b2fa4acd1429e931835b80966c2a - Path: Packages/com.unity.multiplayer.center/Editor/MultiplayerCenterWindow/UI/Icons/PackageInstalled.png' with importer (TextureImporter)
Imported 'GUID: 4616b2fa4acd1429e931835b80966c2a' -> (Import Result ID: '5715aaa68574e9d4205519392bff5ebf') in 0.000 seconds [static and dynamic dependencies]. Details - ImportResultOutputID=bd798ec3f747fde89dead2d80b72d461 DependenciesID=59d263e74f8f48fdb2f29834ca9be232 StaticDependenciesID=bc4ca2691d7da9b9105b0b4b0a7c5f67 
Importing 'GUID: a6fd0c627f5aa48fa81512221e70a11e - Path: Packages/com.unity.multiplayer.center/Editor/MultiplayerCenterWindow/UI/Icons/d_PackageManager@2x.png' with importer (TextureImporter)
Imported 'GUID: a6fd0c627f5aa48fa81512221e70a11e' -> (Import Result ID: 'b8cef46476637b70147b100feab8cf80') in 0.000 seconds [static and dynamic dependencies]. Details - ImportResultOutputID=12e58f5bf411668b6e251677b6ef1b18 DependenciesID=b66e888ec2e68ded2f3ed68edf35c5c7 StaticDependenciesID=3eb28988e0caffbc8606ba7448fbdb0f 
Importing 'GUID: d63245ece6d8f476c8c7ca24da9937f6 - Path: Packages/com.unity.multiplayer.center/Editor/MultiplayerCenterWindow/UI/Icons/DistributedAuthority.png' with importer (TextureImporter)
Imported 'GUID: d63245ece6d8f476c8c7ca24da9937f6' -> (Import Result ID: '244ee70769134d185f7acb26691cee9e') in 0.000 seconds [static and dynamic dependencies]. Details - ImportResultOutputID=92b5667117f11d2e389bea052cd41729 DependenciesID=0b9fab2a8bec1f421e2997e33f7a262f StaticDependenciesID=4087462b64bf37193952c711691e2485 
Importing 'GUID: 679f9999c6f8f497e806a2d5d0511879 - Path: Packages/com.unity.multiplayer.center/Editor/MultiplayerCenterWindow/UI/Icons/PackageManager.png' with importer (TextureImporter)
Imported 'GUID: 679f9999c6f8f497e806a2d5d0511879' -> (Import Result ID: '627c773b6aaf9fc4e93a764375c7f676') in 0.000 seconds [static and dynamic dependencies]. Details - ImportResultOutputID=b02c4fe1833aea72fb02778dc824a2c7 DependenciesID=bb1b1695fc35efcb26002857bc686eae StaticDependenciesID=ca7f9983dd0e301510f01f3aafed4c0d 
Importing 'GUID: 77be953cf28de42a4ad8532539fef3f5 - Path: Packages/com.unity.multiplayer.center/Editor/MultiplayerCenterWindow/UI/Icons/d_PackageInstalled.png' with importer (TextureImporter)
Imported 'GUID: 77be953cf28de42a4ad8532539fef3f5' -> (Import Result ID: 'be3ad83bc2e23d73ab5d6ca3bbfec8dd') in 0.000 seconds [static and dynamic dependencies]. Details - ImportResultOutputID=d6a25a9121e66113b20f3afa3cd4d951 DependenciesID=7b6f8a72b2f4253e9eb3c69f5533a6d6 StaticDependenciesID=1c8d6dc718f350f147ef59016542146d 
Importing 'GUID: c7a38e6eccbfc49778cb8b77f594a971 - Path: Packages/com.unity.multiplayer.center/Editor/MultiplayerCenterWindow/UI/Icons/ClientHosted@2x.png' with importer (TextureImporter)
Imported 'GUID: c7a38e6eccbfc49778cb8b77f594a971' -> (Import Result ID: 'fdc36697fd64706551522f010a8e2c0b') in 0.001 seconds [static and dynamic dependencies]. Details - ImportResultOutputID=b09f3fd0f43c36e0bbeed42da7f27d32 DependenciesID=000a89b9a8bfa98aec63ef16ccf068ec StaticDependenciesID=26c762357b2e667dfd9fd48826b9d0e4 
Importing 'GUID: d7711b0cc806d430b8a95f1e33ec3649 - Path: Packages/com.unity.multiplayer.center/Editor/MultiplayerCenterWindow/UI/Icons/CustomNetcode@2x.png' with importer (TextureImporter)
Imported 'GUID: d7711b0cc806d430b8a95f1e33ec3649' -> (Import Result ID: 'ac8f167226679e9d6e03f4a9c0ff67ae') in 0.001 seconds [static and dynamic dependencies]. Details - ImportResultOutputID=53d569e3b720cc34ea5c8a034151cf05 DependenciesID=3ca21935dac6e3d23d8d8e3dc193431b StaticDependenciesID=2fb8048331ee4b7c91600d6d83910676 
Importing 'GUID: 38b78df4a34c94fa6a52c90239606ff1 - Path: Packages/com.unity.multiplayer.center/Editor/MultiplayerCenterWindow/UI/Icons/DedicatedServer@2x.png' with importer (TextureImporter)
Imported 'GUID: 38b78df4a34c94fa6a52c90239606ff1' -> (Import Result ID: '503db98a9223953c8742c35d4e9d3975') in 0.001 seconds [static and dynamic dependencies]. Details - ImportResultOutputID=4f06f76c6158e4543074f806c5abdad1 DependenciesID=1600ab45d25c922b89a29f9a9c7e368f StaticDependenciesID=918f5189d91e3d0a7d02c77e7b1a2296 
Importing 'GUID: 29395f0639574c1fbc8b729aa257fb84 - Path: Packages/com.unity.multiplayer.center/Editor/MultiplayerCenterWindow/UI/Icons/d_Check.png' with importer (TextureImporter)
Imported 'GUID: 29395f0639574c1fbc8b729aa257fb84' -> (Import Result ID: '8447694c0bcde922cb304662629ed0ce') in 0.000 seconds [static and dynamic dependencies]. Details - ImportResultOutputID=573677078c790663e5307d8a479bac8b DependenciesID=b4d167d05c88314274885f342619420d StaticDependenciesID=7b63e129144b3a11b28f95e9f5bf21fc 
Importing 'GUID: 99da7b3894f364efdb5fa1443952a55d - Path: Packages/com.unity.multiplayer.center/Editor/MultiplayerCenterWindow/UI/Icons/NGO.png' with importer (TextureImporter)
Imported 'GUID: 99da7b3894f364efdb5fa1443952a55d' -> (Import Result ID: 'cfb6349bb60cefb8a60715aaceb23f8f') in 0.000 seconds [static and dynamic dependencies]. Details - ImportResultOutputID=bad428e51f4b4705801fc0f24d860dd5 DependenciesID=796733f3957bf489b5261429db186327 StaticDependenciesID=0e7b4d1db12f687a8b4cd84507f2bf7b 
Importing 'GUID: e9669051ff70449b5923861e0e0b8838 - Path: Packages/com.unity.multiplayer.center/Editor/MultiplayerCenterWindow/UI/Icons/N4E.png' with importer (TextureImporter)
Imported 'GUID: e9669051ff70449b5923861e0e0b8838' -> (Import Result ID: 'abdb6b705f7cc1c446c74089104b5651') in 0.000 seconds [static and dynamic dependencies]. Details - ImportResultOutputID=d0beed2f35ccc2deea7ab323f89f2784 DependenciesID=3aa226e9d58b99357ae6ecde0b1ff260 StaticDependenciesID=19c2e740ac7e708fceeadfc3248778a0 
Importing 'GUID: 2adffcc506285402aa795dee6f3166d0 - Path: Packages/com.unity.multiplayer.center/Editor/MultiplayerCenterWindow/UI/Icons/EmptyViewIcon@2x.png' with importer (TextureImporter)
Imported 'GUID: 2adffcc506285402aa795dee6f3166d0' -> (Import Result ID: '2fdf12c82d58b086a78220a2f42e7ef4') in 0.007 seconds [static and dynamic dependencies]. Details - ImportResultOutputID=047fc53dd0effe35c7997de42299bd20 DependenciesID=fe1279ecb45f37ad4c65d8b677a02a95 StaticDependenciesID=117861f82d2c00dc4f64af824b1cc14e 
Importing 'GUID: dab91f148d99946e7b3c3a87ecf4b973 - Path: Packages/com.unity.multiplayer.center/Editor/MultiplayerCenterWindow/UI/Icons/d_Loading.png' with importer (TextureImporter)
Imported 'GUID: dab91f148d99946e7b3c3a87ecf4b973' -> (Import Result ID: 'aa8d0185d09aa25accbfd8fbfa45e850') in 0.001 seconds [static and dynamic dependencies]. Details - ImportResultOutputID=952e6599db675d37b30984a69b1673fb DependenciesID=a1f3dc50f90958e0d7698345970a84f2 StaticDependenciesID=c9d121b982dcd02f23f0903164d32694 
Importing 'GUID: 1b4c88814ec6241eb8e327515399c006 - Path: Packages/com.unity.multiplayer.center/Editor/MultiplayerCenterWindow/UI/Icons/d_PackageManager.png' with importer (TextureImporter)
Imported 'GUID: 1b4c88814ec6241eb8e327515399c006' -> (Import Result ID: '2d3e528446baeebb1eda6eccc615187e') in 0.000 seconds [static and dynamic dependencies]. Details - ImportResultOutputID=f4069e30d42ea8c9cafed1884123e1ec DependenciesID=76e0109fc5d4589cb32bfc02fefed6f1 StaticDependenciesID=865ad88bb6477d8a53a8338110024d17 
Importing 'GUID: 2cb589d4e01184d928bb698f06e77561 - Path: Packages/com.unity.multiplayer.center/Editor/MultiplayerCenterWindow/UI/Icons/N4E@2x.png' with importer (TextureImporter)
Imported 'GUID: 2cb589d4e01184d928bb698f06e77561' -> (Import Result ID: '40724b6fdd33696b1940eed289981a38') in 0.001 seconds [static and dynamic dependencies]. Details - ImportResultOutputID=17c7a3d0ca17090bec44582f1efe94c4 DependenciesID=f3fb5c000811f74a7136a1c44dd1d7a2 StaticDependenciesID=ed22dc880a53f348a106df3615d19399 
Importing 'GUID: dce12af736e0a4a1ba35d6424f897dc9 - Path: Packages/com.unity.multiplayer.center/Editor/MultiplayerCenterWindow/UI/Icons/CustomNetcode.png' with importer (TextureImporter)
Imported 'GUID: dce12af736e0a4a1ba35d6424f897dc9' -> (Import Result ID: '896b890059e283bd95e63dd224c74fdd') in 0.001 seconds [static and dynamic dependencies]. Details - ImportResultOutputID=3c5fa2a20f4b6cbb2f2dc5691dc79919 DependenciesID=c645c9630d82910bf774191148bee17c StaticDependenciesID=4c00ee2ffc310b925f0aae58cbc6e647 
Importing 'GUID: 1daed49eec0f94f7ebb36dfef6159884 - Path: Packages/com.unity.multiplayer.center/Editor/MultiplayerCenterWindow/UI/Icons/NoNetcode.png' with importer (TextureImporter)
Imported 'GUID: 1daed49eec0f94f7ebb36dfef6159884' -> (Import Result ID: 'f33e770987c3e2039088b4c8445a22f3') in 0.000 seconds [static and dynamic dependencies]. Details - ImportResultOutputID=13189d9b479e4ddd553620c50c92394b DependenciesID=14ad3b7e76809df2d7e115b718d97986 StaticDependenciesID=61c10e7c30e6be8c2797f93c5583c51a 
Importing 'GUID: 9d9689eab72c8480c90679f4dcf18820 - Path: Packages/com.unity.multiplayer.center/Editor/MultiplayerCenterWindow/UI/Icons/Package.png' with importer (TextureImporter)
Imported 'GUID: 9d9689eab72c8480c90679f4dcf18820' -> (Import Result ID: 'f7d0997d84a9be23ee482389c20d134d') in 0.000 seconds [static and dynamic dependencies]. Details - ImportResultOutputID=b6d3a653600aea942500d151ed3b9937 DependenciesID=fd1b3b353ef8af7fd1e1cbab2a429d1c StaticDependenciesID=860c65b2e619d69679919f60be7a962d 
Importing 'GUID: ad1d29f4654194951a3c8bf507914d05 - Path: Packages/com.unity.multiplayer.center/Editor/MultiplayerCenterWindow/UI/Icons/CloudCode.png' with importer (TextureImporter)
Imported 'GUID: ad1d29f4654194951a3c8bf507914d05' -> (Import Result ID: '17768b8b62a7aca268353188447a042a') in 0.000 seconds [static and dynamic dependencies]. Details - ImportResultOutputID=c03c29ebf3759e18c71f16de3c16af8d DependenciesID=9e9b525dd490de84cdedfdb6a9d2f555 StaticDependenciesID=daa80e3a6e98a04002542119764a9cd1 
Importing 'GUID: dd70cd654275d47db807e918055e004f - Path: Packages/com.unity.multiplayer.center/Editor/MultiplayerCenterWindow/UI/Icons/Questionnaire.png' with importer (TextureImporter)
Imported 'GUID: dd70cd654275d47db807e918055e004f' -> (Import Result ID: 'bf8d76327f15e209dab95cec7e62a8ca') in 0.000 seconds [static and dynamic dependencies]. Details - ImportResultOutputID=80d4879d29e7a48aed056aa69da5b790 DependenciesID=14db4c187e85086791e37a0d0c7bc385 StaticDependenciesID=630c0ed723927027919e94fab4993f50 
Importing 'GUID: 3fe892784421e47f5aa40c2784a6cb3e - Path: Packages/com.unity.multiplayer.center/Editor/MultiplayerCenterWindow/UI/Icons/DedicatedServer.png' with importer (TextureImporter)
Imported 'GUID: 3fe892784421e47f5aa40c2784a6cb3e' -> (Import Result ID: '8353568f3f35be8ed42825e96524812d') in 0.000 seconds [static and dynamic dependencies]. Details - ImportResultOutputID=7b5f6dc459963bd9aa1aad179f2877d0 DependenciesID=9de672b24f7827e2ba0eb910ef8c69c5 StaticDependenciesID=e5bf9eeff5c99f9081d73e3e8ce1d711 
Importing 'GUID: 4f78a544322c742b89e63fb68557b1d2 - Path: Packages/com.unity.multiplayer.center/Editor/MultiplayerCenterWindow/UI/Icons/Check.png' with importer (TextureImporter)
Imported 'GUID: 4f78a544322c742b89e63fb68557b1d2' -> (Import Result ID: '0d6ebf41b9e3a41f60868f17379aaa7d') in 0.000 seconds [static and dynamic dependencies]. Details - ImportResultOutputID=508bc9db54eed6c8b665de662932ae3e DependenciesID=1b5e1f37d141dcaa225d51391fe845d9 StaticDependenciesID=418c3428dd15480b88ff041c3109a9fb 
Importing 'GUID: 30b312a167534621b316172253b08723 - Path: Packages/com.unity.modules.subsystems/package.json' with importer (PackageManifestImporter)
Imported 'GUID: 30b312a167534621b316172253b08723' -> (Import Result ID: '9d3c2ee6517900216815bb20ef041c40') in 0.000 seconds [static dependencies only]. Details - ImportResultOutputID=765cf1931d2753f2550d4e77b0bc00d7 DependenciesID=d20c09414fedea5553e9c07653520a33 StaticDependenciesID=dfbe8d4efad4264805ac4f3039714aac 
Importing 'GUID: 40bf3cec17fa0b49fe04443c8332d638 - Path: Packages/com.unity.modules.jsonserialize/package.json' with importer (PackageManifestImporter)
Imported 'GUID: 40bf3cec17fa0b49fe04443c8332d638' -> (Import Result ID: '2e46f96adea0b1610721d9e19dc472dd') in 0.000 seconds [static dependencies only]. Details - ImportResultOutputID=aa9b14d72de92370ff1ca0e7f75e369f DependenciesID=c1237a02a1b7315e61f2efc2b9c59d55 StaticDependenciesID=7b954b65b02ad9f0ad396f3b7930c4b7 
Importing 'GUID: 70554f6c9e4114e1084bb38f9ea400ce - Path: Packages/com.unity.multiplayer.center/LICENSE.md' with importer (TextScriptImporter)
Imported 'GUID: 70554f6c9e4114e1084bb38f9ea400ce' -> (Import Result ID: '4f8b76ebea4067d56564b96433134e5a') in 0.000 seconds [static dependencies only]. Details - ImportResultOutputID=59e94a21cec5c01f76c5311c0f7ed1b4 DependenciesID=9bae1246d99532b11570047837d3f33d StaticDependenciesID=67ad8ffdd036ce93224661ff1f1e98ef 
Importing 'GUID: 80beef77cb19e713c7c2d481b65ed485 - Path: Packages/com.unity.modules.screencapture/package.json' with importer (PackageManifestImporter)
Imported 'GUID: 80beef77cb19e713c7c2d481b65ed485' -> (Import Result ID: '15d6248bed167078381100274fa5ac45') in 0.000 seconds [static dependencies only]. Details - ImportResultOutputID=d9ded7588eb8060a1796f498dbb0a292 DependenciesID=6e538a25d3ad5130be3572be9925d75d StaticDependenciesID=19265f8f36f54fea82dc103e4d41d83e 
Importing 'GUID: 906c12bc9cd95d3963c6d58f62522c78 - Path: Packages/com.unity.modules.cloth/package.json' with importer (PackageManifestImporter)
Imported 'GUID: 906c12bc9cd95d3963c6d58f62522c78' -> (Import Result ID: '56d88cba323813840a250f27f11d1c35') in 0.000 seconds [static dependencies only]. Details - ImportResultOutputID=42b52c42e73100f6316e86e7c441b6f1 DependenciesID=ae3953a8b7c9fcc712f3d565e800a323 StaticDependenciesID=dfb994ae89fb1f18a1d887037dc73ac3 
Importing 'GUID: d0e3ad91972c66f5238f5b9b7d5ae58a - Path: Packages/com.unity.modules.unitywebrequesttexture/package.json' with importer (PackageManifestImporter)
Imported 'GUID: d0e3ad91972c66f5238f5b9b7d5ae58a' -> (Import Result ID: 'c255647ed6a83bf2076a9ca6ec7cf7e1') in 0.000 seconds [static dependencies only]. Details - ImportResultOutputID=6c9ca1171f273a0682b879fecc6f30e6 DependenciesID=ea2a1d319d6fb784d2b842dba296e7ff StaticDependenciesID=2487b71aba09710cebc9912e5a1ccb06 
Importing 'GUID: f0f13f2ab3d6d13cfc6e4656824bfca8 - Path: Packages/com.unity.modules.ai/package.json' with importer (PackageManifestImporter)
Imported 'GUID: f0f13f2ab3d6d13cfc6e4656824bfca8' -> (Import Result ID: 'cb6adff17b7faacaf32558d11cd03184') in 0.000 seconds [static dependencies only]. Details - ImportResultOutputID=73aa9af26c25a6bf7e554f3c27e7fff6 DependenciesID=6ef2096bdab925e9a8cfc7fd6a2091c4 StaticDependenciesID=75ca65009771c679c98f56ddc6703442 
Importing 'GUID: e1ef8466c8fd01a549f10baa4d51fa17 - Path: Packages/com.unity.modules.assetbundle/package.json' with importer (PackageManifestImporter)
Imported 'GUID: e1ef8466c8fd01a549f10baa4d51fa17' -> (Import Result ID: '2cd90209389c1a5f95761fba792ee88e') in 0.000 seconds [static dependencies only]. Details - ImportResultOutputID=635ced2ab46b706ffe8cc581bf58dc29 DependenciesID=803467000a946020c0a16f08d4f1193d StaticDependenciesID=644a9535256507b84363ac8662310d58 
Importing 'GUID: 42fe78c8fe682715a2cb531422e6ccb3 - Path: Packages/com.unity.modules.imgui/package.json' with importer (PackageManifestImporter)
Imported 'GUID: 42fe78c8fe682715a2cb531422e6ccb3' -> (Import Result ID: '085991ea1af39f5410bf2685e5ede447') in 0.000 seconds [static dependencies only]. Details - ImportResultOutputID=a2011e7c96155b95109f04dc8f41cfa9 DependenciesID=860504421d19483229abfb72c5d67ca7 StaticDependenciesID=8648b7e1cb50963366c66e87fffdc66e 
Importing 'GUID: 92a378669877c05c6071d0fed687bb95 - Path: Packages/com.unity.modules.tilemap/package.json' with importer (PackageManifestImporter)
Imported 'GUID: 92a378669877c05c6071d0fed687bb95' -> (Import Result ID: '6a09b19693f3b1226f3f7b5694db9be0') in 0.000 seconds [static dependencies only]. Details - ImportResultOutputID=b41661b03d1337ebe6935f7186e72e83 DependenciesID=8d5a813323f9561c5c667919b6b2c45d StaticDependenciesID=4c6ff372c34aff9b78b0c0c6370c75a8 
Importing 'GUID: 43674d438e19b89d7fe6af07234f3252 - Path: Packages/com.unity.modules.accessibility/package.json' with importer (PackageManifestImporter)
Imported 'GUID: 43674d438e19b89d7fe6af07234f3252' -> (Import Result ID: '564cd205c58b3b3374046fe15d94e953') in 0.000 seconds [static dependencies only]. Details - ImportResultOutputID=ff8ccaac194fd03e278fd0c8ae4f8535 DependenciesID=f4a13eac78faa3843b8b644237ab08a4 StaticDependenciesID=7eee3b90ad06143e1db12017b1daa8e2 
Importing 'GUID: c359bcaf4a0bc4040aac650bf14ec619 - Path: Packages/com.unity.multiplayer.center/README.md' with importer (TextScriptImporter)
Imported 'GUID: c359bcaf4a0bc4040aac650bf14ec619' -> (Import Result ID: '435e2703097d1b41c685634efa198cf3') in 0.000 seconds [static dependencies only]. Details - ImportResultOutputID=82d3a5be604caff878ff7e228f1601f7 DependenciesID=17e510ebf8dec0088d270e3679c2e8a3 StaticDependenciesID=7cab8a8e0af7700b56e82d95102108f8 
Importing 'GUID: d3cbe921f7b3d9a3257e7c61a5761796 - Path: Packages/com.unity.modules.terrainphysics/package.json' with importer (PackageManifestImporter)
Imported 'GUID: d3cbe921f7b3d9a3257e7c61a5761796' -> (Import Result ID: '15a9df4855deaba8e02a7b96637288c7') in 0.000 seconds [static dependencies only]. Details - ImportResultOutputID=d704a302b555447ed899ea4a702a55ed DependenciesID=81cfaedd7e5011cc645621485510e9f6 StaticDependenciesID=f3f64ab4712dc58f54f8fae222bf86eb 
Importing 'GUID: 05f7f519769978b79b31d063a7fc6fa1 - Path: Packages/com.unity.modules.unitywebrequestassetbundle/package.json' with importer (PackageManifestImporter)
Imported 'GUID: 05f7f519769978b79b31d063a7fc6fa1' -> (Import Result ID: '34af3a93713675f28ffef46ceba47f75') in 0.000 seconds [static dependencies only]. Details - ImportResultOutputID=a1b694b11b52e55712b0180fdfb1b39e DependenciesID=e4f9c9495e8e82204f63f6d262462395 StaticDependenciesID=27fcfe4fce06b22eb76d7fdd8c24b7c7 
Importing 'GUID: 953fab16d15d5885b3600fcd6388b2ad - Path: Packages/com.unity.modules.imageconversion/package.json' with importer (PackageManifestImporter)
Imported 'GUID: 953fab16d15d5885b3600fcd6388b2ad' -> (Import Result ID: '97d2c6a15c40f551f64a409f0e63ad63') in 0.000 seconds [static dependencies only]. Details - ImportResultOutputID=ca85b47cdbdf5f3f75007a9470054abd DependenciesID=a43dfd4d04a5dd13e275ca24505af434 StaticDependenciesID=3bed86666317c8f2d3e769e220d69cf4 
Importing 'GUID: b5930dbc378b45d406aeb881f06b6dfa - Path: Packages/com.unity.modules.physicscore2d/package.json' with importer (PackageManifestImporter)
Imported 'GUID: b5930dbc378b45d406aeb881f06b6dfa' -> (Import Result ID: '0b037110eb242a1e959f8b6015aabb86') in 0.000 seconds [static dependencies only]. Details - ImportResultOutputID=f4010fcaf409165755963cbbc344c30d DependenciesID=29f71e980f8375701dfec58122950503 StaticDependenciesID=1a7ee57e7dc6b0c6a541bb6838d6f60d 
Importing 'GUID: 26a4f29db434fd79025c91f6126382cc - Path: Packages/com.unity.modules.unityanalytics/package.json' with importer (PackageManifestImporter)
Imported 'GUID: 26a4f29db434fd79025c91f6126382cc' -> (Import Result ID: 'c98069937316fbed4bd23e6ee1362d7c') in 0.000 seconds [static dependencies only]. Details - ImportResultOutputID=a1075137ec66a15e3cc4335cf0960359 DependenciesID=69d643d499fac89091367bd2f534cdfd StaticDependenciesID=0b112c191b393b0524e7c20a23bfb9e7 
Importing 'GUID: 96d14b71b907bb52333b2886e665aba6 - Path: Packages/com.unity.modules.video/package.json' with importer (PackageManifestImporter)
Imported 'GUID: 96d14b71b907bb52333b2886e665aba6' -> (Import Result ID: '13c6436be75fd3b2d03478664587f93a') in 0.000 seconds [static dependencies only]. Details - ImportResultOutputID=c744975b41fa449bbd85f7409a9873bd DependenciesID=3c1bf0b985c2404d5f1f5e28f1ba02c8 StaticDependenciesID=6f501d1781661406d09dabe916dc6468 
Importing 'GUID: 87d720faa37005c08600090e04d8c739 - Path: Packages/com.unity.modules.particlesystem/package.json' with importer (PackageManifestImporter)
Imported 'GUID: 87d720faa37005c08600090e04d8c739' -> (Import Result ID: 'a3849bd9453f2bd4509c1df8e24a09c7') in 0.000 seconds [static dependencies only]. Details - ImportResultOutputID=5d63d00535a42e51b82511e4083d4e04 DependenciesID=231b7d704ed509dded80baa96fa9e45e StaticDependenciesID=a87b9cf666936cdfd0097ddf2a6b61cf 
Importing 'GUID: f7a8357347c80dc69c08d0b1a05e2122 - Path: Packages/com.unity.modules.physics2d/package.json' with importer (PackageManifestImporter)
Imported 'GUID: f7a8357347c80dc69c08d0b1a05e2122' -> (Import Result ID: '1688e8df2565db05df22e998eb46bef4') in 0.000 seconds [static dependencies only]. Details - ImportResultOutputID=bff5ec0eb66ef125effb3b5cc8d0b0ca DependenciesID=34f7f5cb8f8cbc27dfb340b50b6f76d3 StaticDependenciesID=eac6506ac16464654755b85bdde23446 
Importing 'GUID: 78e5667e52329c3ceef41288763404ae - Path: Packages/com.unity.modules.vectorgraphics/package.json' with importer (PackageManifestImporter)
Imported 'GUID: 78e5667e52329c3ceef41288763404ae' -> (Import Result ID: 'eb577792c5bc129a1a4112042ce084af') in 0.000 seconds [static dependencies only]. Details - ImportResultOutputID=ce9aac6e0d79404807a53a47ecb5a43a DependenciesID=1da1260542f90697e3652b741512d421 StaticDependenciesID=6f138b649c0c34daade277b0a7e55138 
Importing 'GUID: b83f06ac0c0696e9563230865ca72b81 - Path: Packages/com.unity.modules.wind/package.json' with importer (PackageManifestImporter)
Imported 'GUID: b83f06ac0c0696e9563230865ca72b81' -> (Import Result ID: '1758bc7d13e936c0b8edcc2eeb2bab4b') in 0.000 seconds [static dependencies only]. Details - ImportResultOutputID=b14ae433bd6f131701dffe815280e35b DependenciesID=8629c99e5cf257c1cc4ec37d0a118541 StaticDependenciesID=11d933680e32ccf6b927b318c89e3da5 
Importing 'GUID: c8f6fa942856442b8bd72594d3ce7363 - Path: Packages/com.unity.multiplayer.center/Third Party Notices.md' with importer (TextScriptImporter)
Imported 'GUID: c8f6fa942856442b8bd72594d3ce7363' -> (Import Result ID: 'fb49a0aaa07e34dc436f3549756dc516') in 0.000 seconds [static dependencies only]. Details - ImportResultOutputID=03ddb98ad266806dbd104aeb58230d0c DependenciesID=2d2acc2d26d4951d505d68bd5f8d03bc StaticDependenciesID=b47fb482a67cca194ff3aa7c5d905b75 
Importing 'GUID: d85e5eeaf8f135aeaaebdc8aa3cff6c3 - Path: Packages/com.unity.modules.umbra/package.json' with importer (PackageManifestImporter)
Imported 'GUID: d85e5eeaf8f135aeaaebdc8aa3cff6c3' -> (Import Result ID: '9c75c8f3847307f80a779a8b04c64a95') in 0.000 seconds [static dependencies only]. Details - ImportResultOutputID=eb7496bed0d5b11bbcf1157c898f5d43 DependenciesID=fe53e4067005f500d18e3ff373fcc0e9 StaticDependenciesID=299bbdbf9b60b5ebe54fd629e8be6199 
Importing 'GUID: e9df95f53f1c1d0c9199e235d6c42b50 - Path: Packages/com.unity.modules.audio/package.json' with importer (PackageManifestImporter)
Imported 'GUID: e9df95f53f1c1d0c9199e235d6c42b50' -> (Import Result ID: '76fef23e33e36b8a3d1fc43af7e77c47') in 0.000 seconds [static dependencies only]. Details - ImportResultOutputID=baaf90fdc78043c6bded1cd6a5403e1a DependenciesID=d64d72971d07b06c582f6a77d94c0e81 StaticDependenciesID=0f374fca069b113f5c0c848cb28b5826 
Importing 'GUID: 1a4266815e998967becf686f9c71f0a6 - Path: Packages/com.unity.modules.physics/package.json' with importer (PackageManifestImporter)
Imported 'GUID: 1a4266815e998967becf686f9c71f0a6' -> (Import Result ID: 'd4a5e24f44f5f83e1026e3e23fe1f3be') in 0.000 seconds [static dependencies only]. Details - ImportResultOutputID=0efa4dacffd12cdaf213c725197b2b9e DependenciesID=81777cb649b1052bfc789c7a331a8732 StaticDependenciesID=284dd0af8094ca58ff96accb8fce270c 
Importing 'GUID: 6afb166a156df2d20433d981f4bb2832 - Path: Packages/com.unity.modules.vehicles/package.json' with importer (PackageManifestImporter)
Imported 'GUID: 6afb166a156df2d20433d981f4bb2832' -> (Import Result ID: '9dd8346d92113fa1fc8fdf1ef36f5b27') in 0.000 seconds [static dependencies only]. Details - ImportResultOutputID=90fd456df3c7a4f04607ef72fd97a666 DependenciesID=9f256d178148a32a912021a34395cd91 StaticDependenciesID=ede664ba17e644c8fa8ca02f4c283c47 
Importing 'GUID: fa27413e9edb06a6058d6c894eca0338 - Path: Packages/com.unity.modules.unitywebrequestwww/package.json' with importer (PackageManifestImporter)
Imported 'GUID: fa27413e9edb06a6058d6c894eca0338' -> (Import Result ID: 'cc7fe3ccae07471b4e4fce6303e8eb20') in 0.000 seconds [static dependencies only]. Details - ImportResultOutputID=44e99610e0fb01fe35488aaf1fb11e20 DependenciesID=286605fbfd6e1ce981e00aee52032c00 StaticDependenciesID=f9897203de90b2563103001089ff8c7f 
Importing 'GUID: 3bbd27b3dd7be4a74aeab8da6b0af5cc - Path: Packages/com.unity.multiplayer.center/CHANGELOG.md' with importer (TextScriptImporter)
Imported 'GUID: 3bbd27b3dd7be4a74aeab8da6b0af5cc' -> (Import Result ID: '8fd81c410944e5964d5f76ec322b6741') in 0.000 seconds [static dependencies only]. Details - ImportResultOutputID=b417cc241394cfbb33a1752f594fb22c DependenciesID=2d26517d560d8d7156f69d2bb0b456ed StaticDependenciesID=7450423b4735959a86c413a8a4c6d9b9 
Importing 'GUID: 4b518b37798c97b0f860962cbf615533 - Path: Packages/com.unity.modules.unitywebrequestaudio/package.json' with importer (PackageManifestImporter)
Imported 'GUID: 4b518b37798c97b0f860962cbf615533' -> (Import Result ID: '14481e10773efb283612d00f0a0fa01f') in 0.000 seconds [static dependencies only]. Details - ImportResultOutputID=226b4ec8b7df5d970396ae03abd1bc24 DependenciesID=91d2e3cc9992ec089b33c907dddf36db StaticDependenciesID=039866c0eecc6bb90deddbafe979c347 
Importing 'GUID: 9b1a5759726ef9d39a0ab82047b615f1 - Path: Packages/com.unity.modules.hierarchycore/package.json' with importer (PackageManifestImporter)
Imported 'GUID: 9b1a5759726ef9d39a0ab82047b615f1' -> (Import Result ID: '9eda73fb0c907757ec85cd8ffcc4fa6e') in 0.000 seconds [static dependencies only]. Details - ImportResultOutputID=67cdcfb2395a679c900f8fe7a3c843b0 DependenciesID=2cb3a587bcc36530e69557eeefabf5ab StaticDependenciesID=fe4a240860058b4e2cf9f1b9021e6d72 
Importing 'GUID: 2c814623cb42764d304be0c5ddd03ceb - Path: Packages/com.unity.modules.xr/package.json' with importer (PackageManifestImporter)
Imported 'GUID: 2c814623cb42764d304be0c5ddd03ceb' -> (Import Result ID: '9826b956bb0f91d69f8a73e6e748a14d') in 0.000 seconds [static dependencies only]. Details - ImportResultOutputID=f4a9b555b8e9c4886ebee6ada830081b DependenciesID=4212ff31ce3c7d204743de3898b1e50a StaticDependenciesID=fb325954a50bd44c0e06484c34268fac 
Importing 'GUID: 4c413a81cadcce7038e446e56570117e - Path: Packages/com.unity.modules.adaptiveperformance/package.json' with importer (PackageManifestImporter)
Imported 'GUID: 4c413a81cadcce7038e446e56570117e' -> (Import Result ID: '313c22e322e088d8ca3091b5bb3e9a8c') in 0.000 seconds [static dependencies only]. Details - ImportResultOutputID=d703a3ab962eacc558a1614396f9309b DependenciesID=a293abbd318033575f783c8b4973ac8a StaticDependenciesID=6f0504cc278cb026c9ea6e43b1a677af 
Importing 'GUID: ec02776fe29df900b897106d61977735 - Path: Packages/com.unity.modules.director/package.json' with importer (PackageManifestImporter)
Imported 'GUID: ec02776fe29df900b897106d61977735' -> (Import Result ID: 'b3e31b84a270b515b6a95526c9553500') in 0.000 seconds [static dependencies only]. Details - ImportResultOutputID=a51e3ed6ab9a9f17cdaab9355f1900e4 DependenciesID=1c7972f38186b3d29c38138a0ea74f29 StaticDependenciesID=efdf09184b728db06671f649ad0338b7 
Importing 'GUID: 6d56244f8c39a851975d3c0bd432c66f - Path: Packages/com.unity.modules.terrain/package.json' with importer (PackageManifestImporter)
Imported 'GUID: 6d56244f8c39a851975d3c0bd432c66f' -> (Import Result ID: '604075c105fef3dbf38bd0aae01ee05c') in 0.000 seconds [static dependencies only]. Details - ImportResultOutputID=73e8a19d9e221453757e2503bb195d8d DependenciesID=4ae382a40d70c7cc1c32fe734e30ebbc StaticDependenciesID=9acaf12076e019e7d2bf2d6df6de66be 
Importing 'GUID: bd1af0a6633ee94ae21c7d1d702cdc12 - Path: Packages/com.unity.modules.androidjni/package.json' with importer (PackageManifestImporter)
Imported 'GUID: bd1af0a6633ee94ae21c7d1d702cdc12' -> (Import Result ID: '2b2920b6dc0775a62b290e6127c26209') in 0.000 seconds [static dependencies only]. Details - ImportResultOutputID=f4e2b880b85d4b1b337e650ea054a573 DependenciesID=14b1cd389323a466b42ad37856fc83ac StaticDependenciesID=7fb24af0225a36d78f6998f727a4ed0e 
Importing 'GUID: 7ef8348b8ea834d7e1bc214b07f7fb87 - Path: Packages/com.unity.modules.animation/package.json' with importer (PackageManifestImporter)
Imported 'GUID: 7ef8348b8ea834d7e1bc214b07f7fb87' -> (Import Result ID: 'cceab715150aa179ee41de4c21ea01a8') in 0.000 seconds [static dependencies only]. Details - ImportResultOutputID=31dbcc35cb4a73ea6030956ea7db751a DependenciesID=ca482b6ab73c6b7e8f3d34abded3855f StaticDependenciesID=96c371dde5cbc01075d068e380bebf36 
Importing 'GUID: 3fdd83b151eb8d25c5e2f82fc39dcb04 - Path: Packages/com.unity.modules.unitywebrequest/package.json' with importer (PackageManifestImporter)
Imported 'GUID: 3fdd83b151eb8d25c5e2f82fc39dcb04' -> (Import Result ID: '7b4b5e5f5ccacc4cd58af82039532e8f') in 0.000 seconds [static dependencies only]. Details - ImportResultOutputID=c13ec26173ba227a1aeac5bb32628a4d DependenciesID=66e4666825527b614b3be52bf822d6db StaticDependenciesID=f2f7020b683cc393a940f6a569ca6414 
Importing 'GUID: 4f0f9b9f3ed97ad2b9ba8f1a8e4666c2 - Path: Packages/com.unity.modules.uielements/package.json' with importer (PackageManifestImporter)
Imported 'GUID: 4f0f9b9f3ed97ad2b9ba8f1a8e4666c2' -> (Import Result ID: '2ae5d6b69276736b71db4bc08cf0ee5d') in 0.000 seconds [static dependencies only]. Details - ImportResultOutputID=489e28235c392e68588be65be9a6f276 DependenciesID=473679157753a4a1851be1fcf245b008 StaticDependenciesID=29c41af0bd7df478ec78d962238b0e91 
Importing 'GUID: bfd567a3d1631a761bca9e99fa53d86d - Path: Packages/com.unity.modules.ui/package.json' with importer (PackageManifestImporter)
Imported 'GUID: bfd567a3d1631a761bca9e99fa53d86d' -> (Import Result ID: 'dc320865cfc19bcce0938ac226423046') in 0.000 seconds [static dependencies only]. Details - ImportResultOutputID=42a62d4f56a9235169f747082fd43e30 DependenciesID=57f1384d12b5ac9444999590f8ce286f StaticDependenciesID=c6d835971113909922b06a30fbe20d22 
Importing 'GUID: df0857f6a11054383be91b1f8e1b5800 - Path: Packages/com.unity.multiplayer.center/package.json' with importer (PackageManifestImporter)
Imported 'GUID: df0857f6a11054383be91b1f8e1b5800' -> (Import Result ID: '68732da28b5749eb303683d0c3afcf7b') in 0.000 seconds [static dependencies only]. Details - ImportResultOutputID=56cb21bd62786f0bf6019a6ac763d7f4 DependenciesID=0432ce4cfa352049b3c7cd022860e6a9 StaticDependenciesID=12d87b45b48c6bb9fdb06b81e254a891 
Importing 'GUID: f1ac2efb1bcd4dfd95dc196ed3c11367 - Path: Packages/com.unity.multiplayer.center/Editor/MultiplayerCenterWindow/UI/light.uss' with importer (ScriptedImporter : UnityEditor.CoreModule:UnityEditor.UIElements.StyleSheets:StyleSheetImporter)
Imported 'GUID: f1ac2efb1bcd4dfd95dc196ed3c11367' -> (Import Result ID: '4e90f364d8e721c230c62f816a864d10') in 0.026 seconds [static and dynamic dependencies]. Details - ImportResultOutputID=d933b28d171599f50d13b516109e7212 DependenciesID=c0f3fb547b7bf5536a5abde44f6f15d4 StaticDependenciesID=558b6037851f87ffee4dfb6859e95fab 
Importing 'GUID: 1984cd07fe96417f9e88f5771f6b4b32 - Path: Packages/com.unity.multiplayer.center/Editor/MultiplayerCenterWindow/UI/dark.uss' with importer (ScriptedImporter : UnityEditor.CoreModule:UnityEditor.UIElements.StyleSheets:StyleSheetImporter)
Imported 'GUID: 1984cd07fe96417f9e88f5771f6b4b32' -> (Import Result ID: 'bf013eb86ee85219cabf628ce10ec03c') in 0.003 seconds [static and dynamic dependencies]. Details - ImportResultOutputID=8be4503d52b62d7392027baec0ba5f8a DependenciesID=05b0e2f891d38e98bd84c54635f71472 StaticDependenciesID=214aaaf6c11bc344e91094caa7796589 
Importing 'GUID: bac00d6e07f0b4305bb395363c89d92b - Path: Packages/com.unity.multiplayer.center/Editor/MultiplayerCenterWindow/UI/MultiplayerCenterWindow.uss' with importer (ScriptedImporter : UnityEditor.CoreModule:UnityEditor.UIElements.StyleSheets:StyleSheetImporter)
Imported 'GUID: bac00d6e07f0b4305bb395363c89d92b' -> (Import Result ID: '0e4b24d59cb21f2d5818d3378278bee4') in 0.016 seconds [static and dynamic dependencies]. Details - ImportResultOutputID=d6dfc469da9a8ffbb556776434abd32e DependenciesID=d1bb7dbb82e2598b710bcda090186330 StaticDependenciesID=c67129531f3a5936bade2845c3208579 
Starting new worker id: 0 with log in /Users/clemensjacob/Desktop/Haku-VR-Museum/Logs/AssetImportWorkerHW0.log
Launching external process: /Applications/Unity/Hub/Editor/6000.5.5f1/Unity.app/Contents/Helpers/UnityShaderCompiler
Launched and connected shader compiler UnityShaderCompiler after 0.05 seconds
Loading style catalogs (6)
	StyleSheets/Extensions/base/common.uss
	UIPackageResources/StyleSheets/Default/Variables/Public/common.uss
	StyleSheets/Northstar/common.uss
	StyleSheets/Extensions/fonts/inter.uss
	StyleSheets/Extensions/base/dark.uss
	UIPackageResources/StyleSheets/Default/Northstar/Palette/dark.uss
Worker ready: AssetImportWorkerHW0 0

Asset Pipeline Refresh (id=5744deb466c834120a91cbe00f47319a): Total: 6.576 seconds - Initiated by InitialRefreshV2(ForceSynchronousImport)
	(Values over 0.05ms)
	Summary:
		Imports: total=194 (actual=194, local cache=0, cache server=0)
		Asset DB Process Time: managed=3 ms, native=754 ms
		Asset DB Callback time: managed=65 ms, native=1507 ms
		Scripting: domain reloads=1, domain reload time=207 ms, compile time=4035 ms, other=1 ms
		Project Asset Count: scripts=113, non-scripts=81
		Asset File Changes: new=256, changed=256, moved=0, deleted=0
		Scan Filter Count: 1
	InvokePackagesCallback: 727.406ms
	ApplyChangesToAssetFolders: 0.190ms
	Scan: 44.324ms
	Collect global state as custom dependencies: 2.801ms
	OnSourceAssetsModified: 1.084ms
	CategorizeScriptCompilationAssets: 0.273ms
	ProcessAssetsWithTransientArtifactChanges: 0.836ms
	CategorizeAssets: 0.835ms
	CompileScripts: 4035.387ms
	ImportOutOfDateAssets: 687.946ms (201.108ms without children)
		ImportManagerImport: 484.955ms (60.511ms without children)
			UpdateCategorizedAssets: 0.266ms
		UnloadImportedAssets: 0.130ms
		ImportSchedulerStart: 1.727ms
	PostProcessAllAssets: 849.776ms
		AssemblyValidation.PostprocessAllAssets 0.477ms
		VersionControlSettings.HiddenFilePostprocess 0.411ms
		PostProcessCallbackCreateDeferredMaterials 0.244ms
		ShaderAssetModifiedCallback 0.223ms
		RaytracingShaderImportPostprocess 0.144ms
		ComputeShaderImportPostprocess 0.135ms
		LocalizationDatabase.AssetDatabasePostprocessCallback 0.128ms
		SpeedTreeImporter.PostprocessAllAssets 0.119ms
		BlockShaderImporter.PostprocessAllAssets 0.063ms
		MonoPostProcessAllAssets: 64.994ms
			StyleCatalogPostProcessor.OnPostprocessAllAssets 42.526ms
			AssetPostprocessor.OnPostprocessAllAssets 4.543ms
			WindowAssetPostprocessingWatcher.OnPostprocessAllAssets 4.469ms
			AssetChangedListener.OnPostprocessAllAssets 3.005ms
			BuilderAssetPostprocessor.OnPostprocessAllAssets 2.773ms
			TextAssetPostProcessor.OnPostprocessAllAssets 1.055ms
			RetainedModeAssetPostprocessor.OnPostprocessAllAssets 0.614ms
			SyncVS.PostprocessSyncProject 0.522ms
			EditModeScopePostprocessor.OnPostprocessAllAssets 0.397ms
			SpeedTree9Postprocessor.OnPostprocessAllAssets 0.353ms
			ArtifactBrowserPostProcessor.OnPostprocessAllAssets 0.228ms
			ReferencedClipsPostProcessor.OnPostprocessAllAssets 0.128ms
			AssetEvents.OnPostprocessAllAssets 0.113ms
			AudioMixerPostprocessor.OnPostprocessAllAssets 0.111ms
			TerrainToolbarOverlayPostProcessor.OnPostprocessAllAssets 0.091ms
			SpeedTreePostProcessor.OnPostprocessAllAssets 0.064ms
			AssetDatabaseCallbacks.OnPostprocessAllAssets 0.062ms
	PostAssetChangesProfiler: 1.563ms
	UnloadStreamsBegin: 1.149ms
	PersistCurrentRevisions: 0.101ms
	GenerateScriptTypeHashes: 0.059ms
	GenerateScriptTypeSerializationHashes: 0.157ms
	Untracked: 224.907ms

Application.AssetDatabase Initial Refresh End
Scanning for USB devices : 0.073ms
Initializing Unity extensions:
[MODES] ModeService[none].Initialize
[MODES] ModeService[none].LoadModes
[MODES] Loading mode Default (0) for mode-current-id-Haku-VR-Museum
Unloading 3 Unused Serialized files (Serialized files now loaded: 0)
Unloading 76 unused Assets / (455.8 KB). Loaded Objects now: 741.
Memory consumption went from 150.6 MB to 150.1 MB.
Total: 3.670209 ms (FindLiveObjects: 0.027292 ms CreateObjectMapping: 0.008208 ms MarkObjects: 3.520209 ms  DeleteObjects: 0.114125 ms)

[LAYOUT] About to load /Users/clemensjacob/Library/Preferences/Unity/Editor-5.x/Layouts/current/default-6000.dwlt, keepMainWindow=False
[LAYOUT] Removed un-parented EditorWindow while reading window layout window #13, type=UnityEditor.FallbackEditorWindow entityId=568105584918812332
[LAYOUT] About to save layout /Users/clemensjacob/Desktop/Haku-VR-Museum/UserSettings/Layouts/default-6000.dwlt
[LAYOUT] About to save layout /Users/clemensjacob/Library/Preferences/Unity/Editor-5.x/Layouts/current/default-6000.dwlt
[MODES] ModeService[default].InitializeCurrentMode
[MODES] ModeService[default].RaiseModeChanged(default, default)
This project uses Input Manager, which is marked for deprecation. To manage input in your project, use the <a href="https://docs.unity3d.com/Packages/com.unity.inputsystem@latest">Input System package</a> instead.
[Project] Loading completed in 13.495 seconds
	Project init time: 				12.913 seconds
		Template init time: 		0.000 seconds
		Package Manager init time: 		0.001 seconds
		Asset Database init time: 		2.837 seconds
		Global illumination init time: 	0.001 seconds
		Assemblies load time: 			0.542 seconds
		Unity extensions init time: 	0.000 seconds
		Asset Database refresh time: 	6.578 seconds
	Scene opening time: 			0.384 seconds
##utp:{"type":"ProjectInfo","version":2,"phase":"Immediate","time":1788071850592,"processId":44305,"projectLoad":13.495136417000002,"projectInit":12.912974208,"templateInit":0.0,"packageManagerInit":0.001155792,"assetDatabaseInit":2.836944291,"globalIlluminationInit":0.001180958,"assembliesLoad":0.542252875,"unityExtensionsInit":0.000233875,"assetDatabaseRefresh":6.578074667,"sceneOpening":0.383932792}
##utp:{"type":"EditorInfo","version":2,"phase":"Immediate","time":1788071850592,"processId":44305,"editorVersion":"6000.5.5f1 (d16e074b49fd)","branch":"6000.5/staging","buildType":"Release","platform":"OSX"}
Subscribe to USB device events
Scanning for USB devices : 0.067ms
[MODES] ModeService[default].LoadModes
Dynamic Batching is deprecated and will be removed in a future release. Use GPU Instancing instead. Disable Dynamic Batching in Project Settings > Player > Other Settings to remove this warning.
UnityEngine.Debug:ExtractStackTraceNoAlloc (byte*,int,string)
UnityEngine.StackTraceUtility:ExtractStackTrace () (at /Users/bokken/build/output/unity/unity/Runtime/Export/Scripting/StackTrace.cs:35)
UnityEngine.DebugLogHandler:Internal_Log (UnityEngine.LogType,UnityEngine.LogOption,string,UnityEngine.Object)
UnityEngine.DebugLogHandler:LogFormat (UnityEngine.LogType,UnityEngine.Object,string,object[])
UnityEngine.Logger:Log (UnityEngine.LogType,object)
UnityEngine.Debug:LogWarning (object)
UnityEditor.PlayerSettingsBatchingWarning:WarnIfDynamicBatchingEnabled () (at /Users/bokken/build/output/unity/unity/Editor/Mono/Inspector/PlayerSettingsEditor/PlayerSettingsBatchingWarning.cs:45)
UnityEditor.EditorApplication:Internal_CallUpdateFunctions () (at /Users/bokken/build/output/unity/unity/Editor/Mono/EditorApplication.cs:403)

(Filename: /Users/bokken/build/output/unity/unity/Editor/Mono/Inspector/PlayerSettingsEditor/PlayerSettingsBatchingWarning.cs Line: 45)

Start Indexing on Editor startup
[Indexing] Starting Initial Indexing for Assets
Created GICache directory at /Users/clemensjacob/Library/Caches/com.unity3d.UnityEditor/GiCache. Took: 0.002s, timestamps: [13.501 - 13.503]
Starting new worker id: 1 with log in /Users/clemensjacob/Desktop/Haku-VR-Museum/Logs/AssetImportWorkerHW1.log
[Licensing::Client] Successfully resolved entitlement details
[Worker0] Imported GUID: 23032f4383e95e772bce465c5896d0fd - Path: Packages/com.unity.modules.terrain/package.ModuleCompilationTrigger - Importer: ScriptedImporter/UnityEditor.QuickSearchModule:UnityEditor.Search:ASIAI0B -> (ImportResultId: 'fc1fd7fa2b4506c49037e870d4df28fa') in 0.042838208 seconds
[Licensing::Client] Successfully resolved entitlement details
[Worker0] Imported GUID: 8a752aaaadd2410dd9a84e01c1bace9f - Path: Packages/com.unity.modules.uielements/package.ModuleCompilationTrigger - Importer: ScriptedImporter/UnityEditor.QuickSearchModule:UnityEditor.Search:ASIAI0B -> (ImportResultId: 'd85c49b0734abd57a9f9565693f85eec') in 0.001152542 seconds
[Worker0] Imported GUID: 54407f5deee4439eb1885bee01956e9c - Path: Packages/com.unity.multiplayer.center/Editor/Analytics/AnalyticsUtils.cs - Importer: ScriptedImporter/UnityEditor.QuickSearchModule:UnityEditor.Search:ASIAI0B -> (ImportResultId: 'e179eeea7789875c3af029985d1ce1b1') in 0.007378292 seconds
[Worker0] Imported GUID: 1bd8e2f47a6c4478ab8f0ade7687e79b - Path: Packages/com.unity.multiplayer.center/Common/IOnboardingSection.cs - Importer: ScriptedImporter/UnityEditor.QuickSearchModule:UnityEditor.Search:ASIAI0B -> (ImportResultId: '2e02160c29c5929e347d3be78e929c37') in 0.000693084 seconds
[Worker0] Imported GUID: be13c398521e3c1ad21fb9da30ab2ab6 - Path: Packages/com.unity.modules.imgui/package.ModuleCompilationTrigger - Importer: ScriptedImporter/UnityEditor.QuickSearchModule:UnityEditor.Search:ASIAI0B -> (ImportResultId: '2e82c66865c7593126b9bc4a159542be') in 0.001073084 seconds
[Worker0] Imported GUID: 6d56244f8c39a851975d3c0bd432c66f - Path: Packages/com.unity.modules.terrain/package.json - Importer: ScriptedImporter/UnityEditor.QuickSearchModule:UnityEditor.Search:ASIAI0B -> (ImportResultId: 'eb10c6002e754e59e6e0614a4beb50f2') in 0.000605459 seconds
[Worker0] Imported GUID: 4f0f9b9f3ed97ad2b9ba8f1a8e4666c2 - Path: Packages/com.unity.modules.uielements/package.json - Importer: ScriptedImporter/UnityEditor.QuickSearchModule:UnityEditor.Search:ASIAI0B -> (ImportResultId: '440b4c00e586d2b074ba72e99e14d050') in 0.000507792 seconds
[Worker0] Imported GUID: 833328f3bcf144cc94f92e286e86b427 - Path: Packages/com.unity.multiplayer.center/Common/IOnboardingSectionAnalyticsProvider.cs - Importer: ScriptedImporter/UnityEditor.QuickSearchModule:UnityEditor.Search:ASIAI0B -> (ImportResultId: '8946188d856fcb96c4b8b34de362e957') in 0.000667416 seconds
[Worker0] Imported GUID: 222fc39b0c85d800342910da2cd64781 - Path: Packages/com.unity.modules.assetbundle/package.ModuleCompilationTrigger - Importer: ScriptedImporter/UnityEditor.QuickSearchModule:UnityEditor.Search:ASIAI0B -> (ImportResultId: '259af5f51d3a66a0b5ecc346eaf0db30') in 0.001378209 seconds
[Worker0] Imported GUID: e1ef8466c8fd01a549f10baa4d51fa17 - Path: Packages/com.unity.modules.assetbundle/package.json - Importer: ScriptedImporter/UnityEditor.QuickSearchModule:UnityEditor.Search:ASIAI0B -> (ImportResultId: '81ab8d3fb9203b553c58f0c52892d5b6') in 0.000625042 seconds
[Worker0] Imported GUID: e9df95f53f1c1d0c9199e235d6c42b50 - Path: Packages/com.unity.modules.audio/package.json - Importer: ScriptedImporter/UnityEditor.QuickSearchModule:UnityEditor.Search:ASIAI0B -> (ImportResultId: '46f0d0e15d03ba56f3442702e0dae2bd') in 0.001255042 seconds
[Worker0] Imported GUID: 2c814623cb42764d304be0c5ddd03ceb - Path: Packages/com.unity.modules.xr/package.json - Importer: ScriptedImporter/UnityEditor.QuickSearchModule:UnityEditor.Search:ASIAI0B -> (ImportResultId: 'd60c82232ad549a1d0710291adcf93cf') in 0.000555792 seconds
[Worker0] Imported GUID: c359bcaf4a0bc4040aac650bf14ec619 - Path: Packages/com.unity.multiplayer.center/README.md - Importer: ScriptedImporter/UnityEditor.QuickSearchModule:UnityEditor.Search:ASIAI0B -> (ImportResultId: 'a04daddc3acf7fd81d1c76d1fc7cabee') in 0.000624167 seconds
[Worker0] Imported GUID: 89b6d933e4994d0980f6b48dc2b8779c - Path: Packages/com.unity.multiplayer.center/Common/AnswerData.cs - Importer: ScriptedImporter/UnityEditor.QuickSearchModule:UnityEditor.Search:ASIAI0B -> (ImportResultId: '6754721dc9d0883f232c4d505064060e') in 0.000500542 seconds
[Worker0] Imported GUID: 553737203d61a8109f9544a97201e1aa - Path: Packages/com.unity.modules.unitywebrequestaudio/package.ModuleCompilationTrigger - Importer: ScriptedImporter/UnityEditor.QuickSearchModule:UnityEditor.Search:ASIAI0B -> (ImportResultId: 'a9e6ae02b5220c7f8fecb6fdbe2eb7e1') in 0.0005585 seconds
[Worker0] Imported GUID: 0a9ab22e4e004c7db707338bccb538b9 - Path: Packages/com.unity.multiplayer.center/Common/Preset.cs - Importer: ScriptedImporter/UnityEditor.QuickSearchModule:UnityEditor.Search:ASIAI0B -> (ImportResultId: 'a57fe55152c7f80be73906d2106cc317') in 0.000444583 seconds
[Worker0] Imported GUID: 50d5ff9fe4ab4477b7ea648da183e9d1 - Path: Packages/com.unity.multiplayer.center/Common/StyleConstants.cs - Importer: ScriptedImporter/UnityEditor.QuickSearchModule:UnityEditor.Search:ASIAI0B -> (ImportResultId: '0461ebb05acb3a96958810e20d77df5f') in 0.00051925 seconds
[Worker0] Imported GUID: c7a8b0317f4e68556d7509828e9e211e - Path: Packages/com.unity.modules.xr/package.ModuleCompilationTrigger - Importer: ScriptedImporter/UnityEditor.QuickSearchModule:UnityEditor.Search:ASIAI0B -> (ImportResultId: '24caa902876b458d077e5dcbaed69fbf') in 0.000441 seconds
[Worker0] Imported GUID: 185e678d90804a8a85ab38276eca86fb - Path: Packages/com.unity.multiplayer.center/Editor/Analytics/MultiplayerCenterAnalytics.cs - Importer: ScriptedImporter/UnityEditor.QuickSearchModule:UnityEditor.Search:ASIAI0B -> (ImportResultId: '0e46a06090dac3f42e5ea0b601738dc0') in 0.000609333 seconds
[Worker0] Imported GUID: 70554f6c9e4114e1084bb38f9ea400ce - Path: Packages/com.unity.multiplayer.center/LICENSE.md - Importer: ScriptedImporter/UnityEditor.QuickSearchModule:UnityEditor.Search:ASIAI0B -> (ImportResultId: 'e8c53672c695f53b7397563104a2e3fd') in 0.000578667 seconds
[Worker0] Imported GUID: 80beef77cb19e713c7c2d481b65ed485 - Path: Packages/com.unity.modules.screencapture/package.json - Importer: ScriptedImporter/UnityEditor.QuickSearchModule:UnityEditor.Search:ASIAI0B -> (ImportResultId: '8a8ec81be9088a3fd760a80de6cb8f13') in 0.00051225 seconds
[Worker0] Imported GUID: df0857f6a11054383be91b1f8e1b5800 - Path: Packages/com.unity.multiplayer.center/package.json - Importer: ScriptedImporter/UnityEditor.QuickSearchModule:UnityEditor.Search:ASIAI0B -> (ImportResultId: '8f55b80564afaed6f5f3039d18ba4207') in 0.000502417 seconds
[Worker0] Imported GUID: be17709716f1648caa5de6d0c38103ed - Path: Packages/com.unity.multiplayer.center/Editor/Unity.Multiplayer.Center.Editor.asmdef - Importer: ScriptedImporter/UnityEditor.QuickSearchModule:UnityEditor.Search:ASIAI0B -> (ImportResultId: '8e005412e2abded956207c9e3578b29b') in 0.001153375 seconds
[Worker0] Imported GUID: ae87256f29d9c8b50490f4caf75b2c41 - Path: Packages/com.unity.modules.unitywebrequestwww/package.ModuleCompilationTrigger - Importer: ScriptedImporter/UnityEditor.QuickSearchModule:UnityEditor.Search:ASIAI0B -> (ImportResultId: 'ccd1bc493b16139e6d3193d179734707') in 0.000507167 seconds
[Worker0] Imported GUID: 676a3852811f4199813ce7f6dbac6880 - Path: Packages/com.unity.multiplayer.center/Editor/Features/PackageManagement.cs - Importer: ScriptedImporter/UnityEditor.QuickSearchModule:UnityEditor.Search:ASIAI0B -> (ImportResultId: 'c275f39a317f33fa874a5eceb8587610') in 0.0005035 seconds
[Worker0] Imported GUID: 052c764978664486a9c04518899ddf57 - Path: Packages/com.unity.multiplayer.center/Editor/MultiplayerCenterWindow/RecommendationTabView.cs - Importer: ScriptedImporter/UnityEditor.QuickSearchModule:UnityEditor.Search:ASIAI0B -> (ImportResultId: '9dc2cdb9b783ed40ce0e96ae09c791a4') in 0.000467458 seconds
[Worker0] Imported GUID: a31a332ce3485f00f7df8d987302a29c - Path: Packages/com.unity.modules.unitywebrequesttexture/package.ModuleCompilationTrigger - Importer: ScriptedImporter/UnityEditor.QuickSearchModule:UnityEditor.Search:ASIAI0B -> (ImportResultId: '364a45d827698cb7919c59e451ce9b45') in 0.000537833 seconds
[Worker0] Imported GUID: d1084186a4004823abee9b87c8ddf198 - Path: Packages/com.unity.multiplayer.center/Editor/MultiplayerCenterWindow/RecommendationViewBottomBar.cs - Importer: ScriptedImporter/UnityEditor.QuickSearchModule:UnityEditor.Search:ASIAI0B -> (ImportResultId: 'c22dabdfd7ea94500cca7ba38d9d7001') in 0.001049791 seconds
[Worker0] Imported GUID: d85e5eeaf8f135aeaaebdc8aa3cff6c3 - Path: Packages/com.unity.modules.umbra/package.json - Importer: ScriptedImporter/UnityEditor.QuickSearchModule:UnityEditor.Search:ASIAI0B -> (ImportResultId: '537936d2d66ec0ab6fd0cd0920b99097') in 0.000582542 seconds
[Worker0] Imported GUID: 84abd2ab34a74600a33a3bb9d72859fe - Path: Packages/com.unity.multiplayer.center/Common/Unity.Multiplayer.Center.Common.asmdef - Importer: ScriptedImporter/UnityEditor.QuickSearchModule:UnityEditor.Search:ASIAI0B -> (ImportResultId: 'e532759eb1f18e4082d52a2ba6c46c9d') in 0.001009833 seconds
[Worker0] Imported GUID: 4b518b37798c97b0f860962cbf615533 - Path: Packages/com.unity.modules.unitywebrequestaudio/package.json - Importer: ScriptedImporter/UnityEditor.QuickSearchModule:UnityEditor.Search:ASIAI0B -> (ImportResultId: 'd05eb6cc2fc9e36d4dcb5dec8a60cf12') in 0.000548292 seconds
[Worker0] Imported GUID: ec737041edec4a5b93f7953a6ffe9f06 - Path: Packages/com.unity.multiplayer.center/Common/SelectedSolutionsData.cs - Importer: ScriptedImporter/UnityEditor.QuickSearchModule:UnityEditor.Search:ASIAI0B -> (ImportResultId: '4176340d4b97500cc9be9345b53a523c') in 0.00053125 seconds
[Worker0] Imported GUID: b5930dbc378b45d406aeb881f06b6dfa - Path: Packages/com.unity.modules.physicscore2d/package.json - Importer: ScriptedImporter/UnityEditor.QuickSearchModule:UnityEditor.Search:ASIAI0B -> (ImportResultId: 'cf3dd7af285cca94697413491e530c51') in 0.000487916 seconds
[Licensing::Client] Successfully resolved entitlement details
[Worker0] Imported GUID: a1c42005fe7c5d78585a77ce396a5eea - Path: Packages/com.unity.modules.tilemap/package.ModuleCompilationTrigger - Importer: ScriptedImporter/UnityEditor.QuickSearchModule:UnityEditor.Search:ASIAI0B -> (ImportResultId: '14dc7c1349b69f86befd1a7498c2941e') in 0.000461 seconds
[Worker0] Imported GUID: e9faa4a7023c43c5805642250c703f48 - Path: Packages/com.unity.multiplayer.center/Editor/Analytics/OnboardingSectionAnalyticsProvider.cs - Importer: ScriptedImporter/UnityEditor.QuickSearchModule:UnityEditor.Search:ASIAI0B -> (ImportResultId: 'd2618b9a28700330335189091f22d755') in 0.000558583 seconds
[Worker0] Imported GUID: fcbb62ff857b4cf49e74f5f9aca6e8d6 - Path: Packages/com.unity.multiplayer.center/Editor/OnBoarding/SectionsFinder.cs - Importer: ScriptedImporter/UnityEditor.QuickSearchModule:UnityEditor.Search:ASIAI0B -> (ImportResultId: '25b7ac1095e48294fc4f4b1a9e810388') in 0.000475 seconds
[Worker0] Imported GUID: cbb1a39d56ce4d9ac1a46ac505893fa7 - Path: Packages/com.unity.modules.terrainphysics/package.ModuleCompilationTrigger - Importer: ScriptedImporter/UnityEditor.QuickSearchModule:UnityEditor.Search:ASIAI0B -> (ImportResultId: 'e1fb11d12671e12b255614d401cf8885') in 0.000467208 seconds
[Worker0] Imported GUID: cd561f5f687aed43bf280c27a84f79e3 - Path: Packages/com.unity.modules.screencapture/package.ModuleCompilationTrigger - Importer: ScriptedImporter/UnityEditor.QuickSearchModule:UnityEditor.Search:ASIAI0B -> (ImportResultId: '9dea437c839a70a62eba603f8740d3b8') in 0.000447209 seconds
[Worker0] Imported GUID: 1b6246f2248883964991eac9e9b4817c - Path: Packages/com.unity.modules.umbra/package.ModuleCompilationTrigger - Importer: ScriptedImporter/UnityEditor.QuickSearchModule:UnityEditor.Search:ASIAI0B -> (ImportResultId: '5d086393ccfbaae507f68d5a0017b497') in 0.000488541 seconds
[Worker0] Imported GUID: c8f6fa942856442b8bd72594d3ce7363 - Path: Packages/com.unity.multiplayer.center/Third Party Notices.md - Importer: ScriptedImporter/UnityEditor.QuickSearchModule:UnityEditor.Search:ASIAI0B -> (ImportResultId: '76b427435443fd07272d7385b707479f') in 0.00057525 seconds
[Worker0] Imported GUID: 40bf3cec17fa0b49fe04443c8332d638 - Path: Packages/com.unity.modules.jsonserialize/package.json - Importer: ScriptedImporter/UnityEditor.QuickSearchModule:UnityEditor.Search:ASIAI0B -> (ImportResultId: '1be282ac2ba44246438007e2a9877905') in 0.000797458 seconds
[Worker0] Imported GUID: 042dc296246916648e55a43d0eeb2036 - Path: Packages/com.unity.modules.audio/package.ModuleCompilationTrigger - Importer: ScriptedImporter/UnityEditor.QuickSearchModule:UnityEditor.Search:ASIAI0B -> (ImportResultId: 'e9f0f3a5d74c0ed7e473bfde7af177b1') in 0.000505333 seconds
[Worker0] Imported GUID: d3cbe921f7b3d9a3257e7c61a5761796 - Path: Packages/com.unity.modules.terrainphysics/package.json - Importer: ScriptedImporter/UnityEditor.QuickSearchModule:UnityEditor.Search:ASIAI0B -> (ImportResultId: '2e0eac593af3b8c3a630d124628434ab') in 0.00055225 seconds
[Worker0] Imported GUID: 14e86f88e9a8c9c448d7e7df92f2aeec - Path: Packages/com.unity.modules.physicscore2d/package.ModuleCompilationTrigger - Importer: ScriptedImporter/UnityEditor.QuickSearchModule:UnityEditor.Search:ASIAI0B -> (ImportResultId: 'ddbce84d08dfcaeca5ed0e4fee65c039') in 0.000550916 seconds
[Worker0] Imported GUID: 51566b3736df4282bbe76645014b0cc5 - Path: Packages/com.unity.multiplayer.center/Editor/AssemblyInfo.cs - Importer: ScriptedImporter/UnityEditor.QuickSearchModule:UnityEditor.Search:ASIAI0B -> (ImportResultId: '07e4fb0cdc20e5befacd7cde8261e640') in 0.00134675 seconds
[Worker0] Imported GUID: 4cee1dc929764056ac40ece91efef712 - Path: Packages/com.unity.multiplayer.center/Editor/Analytics/AnalyticsData.cs - Importer: ScriptedImporter/UnityEditor.QuickSearchModule:UnityEditor.Search:ASIAI0B -> (ImportResultId: '1e15dbb6452fb9907eca12ba0419d610') in 0.000823792 seconds
[Worker0] Imported GUID: d0e3ad91972c66f5238f5b9b7d5ae58a - Path: Packages/com.unity.modules.unitywebrequesttexture/package.json - Importer: ScriptedImporter/UnityEditor.QuickSearchModule:UnityEditor.Search:ASIAI0B -> (ImportResultId: 'fe6fa56765a33e6df03403f1053aa6bb') in 0.000887458 seconds
[Worker0] Imported GUID: 3bbd27b3dd7be4a74aeab8da6b0af5cc - Path: Packages/com.unity.multiplayer.center/CHANGELOG.md - Importer: ScriptedImporter/UnityEditor.QuickSearchModule:UnityEditor.Search:ASIAI0B -> (ImportResultId: '13ae17b20463515d9221213ee049a4d7') in 0.000693083 seconds
[Worker0] Imported GUID: 42fe78c8fe682715a2cb531422e6ccb3 - Path: Packages/com.unity.modules.imgui/package.json - Importer: ScriptedImporter/UnityEditor.QuickSearchModule:UnityEditor.Search:ASIAI0B -> (ImportResultId: '98d77109b38f87d048c4327d40c2903b') in 0.000793709 seconds
[Worker0] Imported GUID: dd20f32039084a12a8e48dffd4d58f48 - Path: Packages/com.unity.multiplayer.center/Editor/Analytics/DebugAnalytics.cs - Importer: ScriptedImporter/UnityEditor.QuickSearchModule:UnityEditor.Search:ASIAI0B -> (ImportResultId: '7066c2b5cfc6bb30e95e41c4a7d6f45d') in 0.000753625 seconds
[Worker0] Imported GUID: e6a135e3ea9cb46795d1b0e05ac3e1e5 - Path: Packages/com.unity.modules.jsonserialize/package.ModuleCompilationTrigger - Importer: ScriptedImporter/UnityEditor.QuickSearchModule:UnityEditor.Search:ASIAI0B -> (ImportResultId: 'a8fed76b6ca603e7e7780aeb28fcee8c') in 0.001337875 seconds
[Worker0] Imported GUID: 71136fc5cf34f2cc10be0e33c0b08019 - Path: Packages/com.unity.modules.unityanalytics/package.ModuleCompilationTrigger - Importer: ScriptedImporter/UnityEditor.QuickSearchModule:UnityEditor.Search:ASIAI0B -> (ImportResultId: 'c58d0e1f98f1f3be61e7975c89c51fcb') in 0.000609333 seconds
[Worker0] Imported GUID: 8bce0b24c28e45d884acfcf49a3b8945 - Path: Packages/com.unity.multiplayer.center/Editor/Analytics/MultiplayerCenterAnalyticsFactory.cs - Importer: ScriptedImporter/UnityEditor.QuickSearchModule:UnityEditor.Search:ASIAI0B -> (ImportResultId: '79d1bd431df6ab1db5d2ebb0f27eee19') in 0.000539791 seconds
[Licensing::Client] Successfully updated the access token
[Licensing::Module] Successfully updated access token: "5R_3C96J"... (expires: 2026-08-30T07:29:46Z)
[Worker0] Imported GUID: fa27413e9edb06a6058d6c894eca0338 - Path: Packages/com.unity.modules.unitywebrequestwww/package.json - Importer: ScriptedImporter/UnityEditor.QuickSearchModule:UnityEditor.Search:ASIAI0B -> (ImportResultId: '214bcfd50c18216cea18b7c9d26fcedd') in 0.000781417 seconds
[Worker0] Imported GUID: d2c2caab1f2642afa6c07dec054fd34f - Path: Packages/com.unity.multiplayer.center/Editor/OnBoarding/GettingStartedTabView.cs - Importer: ScriptedImporter/UnityEditor.QuickSearchModule:UnityEditor.Search:ASIAI0B -> (ImportResultId: 'cafe9c1decccb3f6a008ec6cdea12d9d') in 0.000848167 seconds
[Worker0] Imported GUID: 322b0121d39f45208a3d933e6926a9d8 - Path: Packages/com.unity.multiplayer.center/Editor/OnBoarding/QuickstartPackageHandling.cs - Importer: ScriptedImporter/UnityEditor.QuickSearchModule:UnityEditor.Search:ASIAI0B -> (ImportResultId: '15a78bdf7f2513eb6426da56a05478fc') in 0.001677125 seconds
[Worker0] Imported GUID: 26a4f29db434fd79025c91f6126382cc - Path: Packages/com.unity.modules.unityanalytics/package.json - Importer: ScriptedImporter/UnityEditor.QuickSearchModule:UnityEditor.Search:ASIAI0B -> (ImportResultId: '7bf8fe7a42067a1e85046ee6f65f9405') in 0.00159625 seconds
[Worker0] Imported GUID: 7e006510f5f4425ca971c7de0bfbb77a - Path: Packages/com.unity.multiplayer.center/Editor/MultiplayerCenterWindow/MultiplayerCenterWindow.cs - Importer: ScriptedImporter/UnityEditor.QuickSearchModule:UnityEditor.Search:ASIAI0B -> (ImportResultId: 'c462fb8a49c2d4f036801a85404a55a8') in 0.000646584 seconds
[Worker0] Imported GUID: fdefed6b790f4373b0feb7d25854d8ac - Path: Packages/com.unity.multiplayer.center/Editor/MultiplayerCenterWindow/TabGroup.cs - Importer: ScriptedImporter/UnityEditor.QuickSearchModule:UnityEditor.Search:ASIAI0B -> (ImportResultId: 'a2a6d1bbd77653786bbeee7cc92e9bd2') in 0.000616875 seconds
[Worker0] Imported GUID: 92a378669877c05c6071d0fed687bb95 - Path: Packages/com.unity.modules.tilemap/package.json - Importer: ScriptedImporter/UnityEditor.QuickSearchModule:UnityEditor.Search:ASIAI0B -> (ImportResultId: 'bb10516182970fdd09655f779437f16d') in 0.000504667 seconds
[Worker0] Imported GUID: 157e1606dfbd48dda6f01acbf49435b0 - Path: Packages/com.unity.multiplayer.center/Editor/MultiplayerCenterWindow/UI/QuestionSection.cs - Importer: ScriptedImporter/UnityEditor.QuickSearchModule:UnityEditor.Search:ASIAI0B -> (ImportResultId: 'a1fedc5f4b428f14fe744e965c18d2a2') in 0.00221025 seconds
[Worker0] Imported GUID: ca560c7d2a0d4453a50ec4f704ce9ce1 - Path: Packages/com.unity.multiplayer.center/Tests/Editor/UtilsForRecommendationTests.cs - Importer: ScriptedImporter/UnityEditor.QuickSearchModule:UnityEditor.Search:ASIAI0B -> (ImportResultId: '0cd2dac924fa5ba9cbbb4ddd44b24172') in 0.001135708 seconds
[Worker0] Imported GUID: 29cbd1c6a8c9419aac357b8d4edbdc84 - Path: Packages/com.unity.multiplayer.center/Tests/Editor/QuickstartTabTests.cs - Importer: ScriptedImporter/UnityEditor.QuickSearchModule:UnityEditor.Search:ASIAI0B -> (ImportResultId: '93a031c821059d2b97052af2d8516fef') in 0.000753667 seconds
[Worker0] Imported GUID: 3595bcaa1af84e6d92e07f0258a4256c - Path: Packages/com.unity.multiplayer.center/Editor/Questionnaire/PresetData.cs - Importer: ScriptedImporter/UnityEditor.QuickSearchModule:UnityEditor.Search:ASIAI0B -> (ImportResultId: '79312f431eda933584d0ce5a18519ea9') in 0.000693083 seconds
[Worker0] Imported GUID: cfc5ccd4416341629caf73dd3e318aac - Path: Packages/com.unity.multiplayer.center/Tests/Editor/UtilsForMultiplayerCenterTests.cs - Importer: ScriptedImporter/UnityEditor.QuickSearchModule:UnityEditor.Search:ASIAI0B -> (ImportResultId: '4234405c46a64f46ec0a25c210bd316e') in 0.00059875 seconds
[Worker0] Imported GUID: 1c3db2c484234a94a19c3acdc2539575 - Path: Packages/com.unity.multiplayer.center/Editor/MultiplayerCenterWindow/UI/StyleClasses.cs - Importer: ScriptedImporter/UnityEditor.QuickSearchModule:UnityEditor.Search:ASIAI0B -> (ImportResultId: '7de6fc6b6daa8209cf5ebd7488052147') in 0.001823333 seconds
[Worker0] Imported GUID: ad1d29f4654194951a3c8bf507914d05 - Path: Packages/com.unity.multiplayer.center/Editor/MultiplayerCenterWindow/UI/Icons/CloudCode.png - Importer: ScriptedImporter/UnityEditor.QuickSearchModule:UnityEditor.Search:ASIAI0B -> (ImportResultId: '4d622b3b323edfa4583f229852c95b7f') in 0.023475958 seconds
[Worker0] Imported GUID: f1ac2efb1bcd4dfd95dc196ed3c11367 - Path: Packages/com.unity.multiplayer.center/Editor/MultiplayerCenterWindow/UI/light.uss - Importer: ScriptedImporter/UnityEditor.QuickSearchModule:UnityEditor.Search:ASIAI0B -> (ImportResultId: 'b898efaa9d514cdd2359c81127a5a54c') in 0.009552833 seconds
[Worker0] Imported GUID: d7711b0cc806d430b8a95f1e33ec3649 - Path: Packages/com.unity.multiplayer.center/Editor/MultiplayerCenterWindow/UI/Icons/CustomNetcode@2x.png - Importer: ScriptedImporter/UnityEditor.QuickSearchModule:UnityEditor.Search:ASIAI0B -> (ImportResultId: '70a921974a298081aa8b96b46f6f9391') in 0.0037405 seconds
[Worker0] Imported GUID: 7ca5cd79ef39442e599efb761abcbaac - Path: Packages/com.unity.multiplayer.center/Editor/Questionnaire/QuestionnaireData.cs - Importer: ScriptedImporter/UnityEditor.QuickSearchModule:UnityEditor.Search:ASIAI0B -> (ImportResultId: '3626d527a0810e1cb8fc334643ba936c') in 0.000873 seconds
[Worker0] Imported GUID: 787ec048daec145b580d1134da5dd278 - Path: Packages/com.unity.multiplayer.center/Tests/Editor/Unity.Multiplayer.Center.Editor.Tests.asmdef - Importer: ScriptedImporter/UnityEditor.QuickSearchModule:UnityEditor.Search:ASIAI0B -> (ImportResultId: 'de3590d6d047633cdd409d5e1d3ae754') in 0.001683959 seconds
[Worker0] Imported GUID: c2c1cf24bea5410ea530b2c8a875b293 - Path: Packages/com.unity.multiplayer.center/Tests/Editor/AnalyticsUtilsTests.cs - Importer: ScriptedImporter/UnityEditor.QuickSearchModule:UnityEditor.Search:ASIAI0B -> (ImportResultId: '29ccfcba1b8d65630ccc56c21352abba') in 0.000733084 seconds
[Worker0] Imported GUID: 0d9328c739784454ad03d404f395a0ab - Path: Packages/com.unity.multiplayer.center/Editor/MultiplayerCenterWindow/UI/ViewUtils.cs - Importer: ScriptedImporter/UnityEditor.QuickSearchModule:UnityEditor.Search:ASIAI0B -> (ImportResultId: '4c61b09357f2e55dbb1fc393146d4707') in 0.000634 seconds
[Worker0] Imported GUID: 36b51591e13f48b5bed734724d149fb4 - Path: Packages/com.unity.multiplayer.center/Tests/Editor/RecommendationAnalyticsTests.cs - Importer: ScriptedImporter/UnityEditor.QuickSearchModule:UnityEditor.Search:ASIAI0B -> (ImportResultId: '7709f34097cac01b15427a7622515b95') in 0.000543417 seconds
[Worker0] Imported GUID: 8110dd6ddbc04e58b50978562ce0c00a - Path: Packages/com.unity.multiplayer.center/Tests/Editor/ExpectedPresetRecommendations.cs - Importer: ScriptedImporter/UnityEditor.QuickSearchModule:UnityEditor.Search:ASIAI0B -> (ImportResultId: '75a1b7d4aa3439b48d1728eb2a013122') in 0.000523125 seconds
[Worker0] Imported GUID: 424a8de5def3b46dcb08edd00ad1c7bd - Path: Packages/com.unity.multiplayer.center/Editor/MultiplayerCenterWindow/UI/Icons/Loading.png - Importer: ScriptedImporter/UnityEditor.QuickSearchModule:UnityEditor.Search:ASIAI0B -> (ImportResultId: '2120338762f8fc6b5f213c112d8d1733') in 0.002327167 seconds
[Worker0] Imported GUID: 6cfa81557736450abfb73264580451c1 - Path: Packages/com.unity.multiplayer.center/Tests/Editor/SectionHeaderTests.cs - Importer: ScriptedImporter/UnityEditor.QuickSearchModule:UnityEditor.Search:ASIAI0B -> (ImportResultId: 'cd25c2af03a05d32725910e9114b7cd5') in 0.000709083 seconds
[Worker0] Imported GUID: 52a77c59214a4cb5a43fc7b0e097d832 - Path: Packages/com.unity.multiplayer.center/Editor/Recommendations/RecommendationUtils.cs - Importer: ScriptedImporter/UnityEditor.QuickSearchModule:UnityEditor.Search:ASIAI0B -> (ImportResultId: 'c067e8ba24da708c3f9789a0d57712e3') in 0.000577666 seconds
[Worker0] Imported GUID: c3d3226643b94888b02e25de0a9de55f - Path: Packages/com.unity.multiplayer.center/Tests/Editor/UserVisibleTextTests.cs - Importer: ScriptedImporter/UnityEditor.QuickSearchModule:UnityEditor.Search:ASIAI0B -> (ImportResultId: '59813f4d2e2fe44ddde30131d7e81d3d') in 0.000920292 seconds
[Worker0] Imported GUID: 83b28bcaaf34b4fd580114fb05d9f160 - Path: Packages/com.unity.multiplayer.center/Editor/MultiplayerCenterWindow/UI/Icons/NGO@2x.png - Importer: ScriptedImporter/UnityEditor.QuickSearchModule:UnityEditor.Search:ASIAI0B -> (ImportResultId: '4ea515f6d12be899c305c35aceeef5fa') in 0.002460167 seconds
[Worker0] Imported GUID: a1c995459c0d418c88dd274e04840c5d - Path: Packages/com.unity.multiplayer.center/Editor/Recommendations/RecommenderSystem.cs - Importer: ScriptedImporter/UnityEditor.QuickSearchModule:UnityEditor.Search:ASIAI0B -> (ImportResultId: '423a35460431714d3d91a0dde54c91cb') in 0.001239875 seconds
[Worker0] Imported GUID: e4439b4b4bb24a5eb61c59c5a67aa5a0 - Path: Packages/com.unity.multiplayer.center/Editor/MultiplayerCenterWindow/UI/QuestionViewFactory.cs - Importer: ScriptedImporter/UnityEditor.QuickSearchModule:UnityEditor.Search:ASIAI0B -> (ImportResultId: '2648aa4ad1b9ae33abd9aa1ec1f02b39') in 0.000776875 seconds
[Worker0] Imported GUID: 38b78df4a34c94fa6a52c90239606ff1 - Path: Packages/com.unity.multiplayer.center/Editor/MultiplayerCenterWindow/UI/Icons/DedicatedServer@2x.png - Importer: ScriptedImporter/UnityEditor.QuickSearchModule:UnityEditor.Search:ASIAI0B -> (ImportResultId: '1642ef16a5f387e958a47b46e22cee44') in 0.002164959 seconds
[Worker0] Imported GUID: 0ddc3b8a12c84454b04e4d6bdd88241c - Path: Packages/com.unity.multiplayer.center/Editor/Recommendations/RecommendationViewData.cs - Importer: ScriptedImporter/UnityEditor.QuickSearchModule:UnityEditor.Search:ASIAI0B -> (ImportResultId: 'bc22838a1fd3fe0a66e44762a7b74bd9') in 0.000800541 seconds
[Worker0] Imported GUID: a23c0dd570fd44b57a03a8880002fcca - Path: Packages/com.unity.multiplayer.center/Editor/MultiplayerCenterWindow/UI/Icons/CloudCode@2x.png - Importer: ScriptedImporter/UnityEditor.QuickSearchModule:UnityEditor.Search:ASIAI0B -> (ImportResultId: '92a816bb5bc0c786703ff7b9d75e6baf') in 0.002204291 seconds
[Worker0] Imported GUID: d63245ece6d8f476c8c7ca24da9937f6 - Path: Packages/com.unity.multiplayer.center/Editor/MultiplayerCenterWindow/UI/Icons/DistributedAuthority.png - Importer: ScriptedImporter/UnityEditor.QuickSearchModule:UnityEditor.Search:ASIAI0B -> (ImportResultId: '9fb68e83666358865d79d61ea1ae0411') in 0.002041292 seconds
[Worker0] Imported GUID: 3fe892784421e47f5aa40c2784a6cb3e - Path: Packages/com.unity.multiplayer.center/Editor/MultiplayerCenterWindow/UI/Icons/DedicatedServer.png - Importer: ScriptedImporter/UnityEditor.QuickSearchModule:UnityEditor.Search:ASIAI0B -> (ImportResultId: 'a0acd1fcc41b045cb8c6a01695e99df3') in 0.002631958 seconds
[Worker0] Imported GUID: a659150180ae3489ba41c71780ba3779 - Path: Packages/com.unity.multiplayer.center/Editor/Questionnaire/Questionnaire.questionnaire - Importer: ScriptedImporter/UnityEditor.QuickSearchModule:UnityEditor.Search:ASIAI0B -> (ImportResultId: '5111ecc6fbe50dbe1ac92016e0933470') in 0.001093209 seconds
[Worker0] Imported GUID: b66d076cdcfe3b14388de66307a0e7ff - Path: Packages/com.unity.multiplayer.center/Editor/Recommendations/RecommendationData_6000.0.recommendations - Importer: ScriptedImporter/UnityEditor.QuickSearchModule:UnityEditor.Search:ASIAI0B -> (ImportResultId: 'ae6a1b6b05aa170c8ef0e305a85d958e') in 0.000615875 seconds
[Worker0] Imported GUID: c37c4c45cacc46edb43b8c32617b3e34 - Path: Packages/com.unity.multiplayer.center/Tests/Editor/UtilsForGettingStartedTabTests.cs - Importer: ScriptedImporter/UnityEditor.QuickSearchModule:UnityEditor.Search:ASIAI0B -> (ImportResultId: '16afe76260e703523a9190a6be3b8d13') in 0.000682041 seconds
[Worker0] Imported GUID: e9669051ff70449b5923861e0e0b8838 - Path: Packages/com.unity.multiplayer.center/Editor/MultiplayerCenterWindow/UI/Icons/N4E.png - Importer: ScriptedImporter/UnityEditor.QuickSearchModule:UnityEditor.Search:ASIAI0B -> (ImportResultId: '4de91e356cd0616e3601e1e1a94abcc7') in 0.002296417 seconds
[Worker0] Imported GUID: 1daed49eec0f94f7ebb36dfef6159884 - Path: Packages/com.unity.multiplayer.center/Editor/MultiplayerCenterWindow/UI/Icons/NoNetcode.png - Importer: ScriptedImporter/UnityEditor.QuickSearchModule:UnityEditor.Search:ASIAI0B -> (ImportResultId: 'f13e0ad6b1469bd3c6b696b9d14cc94b') in 0.002044667 seconds
[Worker0] Imported GUID: 38a11839c22b4e67aa2e508d906edf65 - Path: Packages/com.unity.multiplayer.center/Editor/Recommendations/RecommenderSystemData.cs - Importer: ScriptedImporter/UnityEditor.QuickSearchModule:UnityEditor.Search:ASIAI0B -> (ImportResultId: '1a4d00e9d650697dc6730b4f023aa1e2') in 0.001446167 seconds
[Worker0] Imported GUID: 5d117d33f89d41cd9123918383c9b981 - Path: Packages/com.unity.multiplayer.center/Editor/Questionnaire/QuestionnaireEditor.cs - Importer: ScriptedImporter/UnityEditor.QuickSearchModule:UnityEditor.Search:ASIAI0B -> (ImportResultId: 'e5399634bff4cf46668830db07edcf06') in 0.000608667 seconds
[Worker0] Imported GUID: b46a48f780f84026b9d1e73ee1b0121d - Path: Packages/com.unity.multiplayer.center/Editor/Recommendations/RecommendationType.cs - Importer: ScriptedImporter/UnityEditor.QuickSearchModule:UnityEditor.Search:ASIAI0B -> (ImportResultId: '1a0cf4ec2445577a53af5dbbb8d5be33') in 0.000819333 seconds
[Worker0] Imported GUID: 0354877031b64465ea7e5cafea1a2653 - Path: Packages/com.unity.multiplayer.center/Editor/MultiplayerCenterWindow/UI/Icons/DistributedAuthority@2x.png - Importer: ScriptedImporter/UnityEditor.QuickSearchModule:UnityEditor.Search:ASIAI0B -> (ImportResultId: '69b93b986ac281ddda2bc54d1275b561') in 0.002226666 seconds
[Worker0] Imported GUID: 7456ea4ba2dcd48d3909b82e610f2048 - Path: Packages/com.unity.multiplayer.center/Tests/Runtime/PlaceholderTest.cs - Importer: ScriptedImporter/UnityEditor.QuickSearchModule:UnityEditor.Search:ASIAI0B -> (ImportResultId: 'f62b1a9930b37b137b9950690cd9184e') in 0.000710166 seconds
[Worker0] Imported GUID: 89ffa359141b49fea9bfa6a1db3b18be - Path: Packages/com.unity.multiplayer.center/Tests/Editor/AssemblyInfo.cs - Importer: ScriptedImporter/UnityEditor.QuickSearchModule:UnityEditor.Search:ASIAI0B -> (ImportResultId: '57a27e1bab11c37149bb2074054d9685') in 0.000582125 seconds
[Worker0] Imported GUID: d9beb5106d424f23902054f76d4b673d - Path: Packages/com.unity.multiplayer.center/Editor/Questionnaire/Logic.cs - Importer: ScriptedImporter/UnityEditor.QuickSearchModule:UnityEditor.Search:ASIAI0B -> (ImportResultId: 'ac12c649ae34c20c4f0b03718a7ae36a') in 0.000698 seconds
[Worker0] Imported GUID: 23342257960b4b618e6f7c444137663c - Path: Packages/com.unity.multiplayer.center/Editor/Recommendations/PreReleaseHandling.cs - Importer: ScriptedImporter/UnityEditor.QuickSearchModule:UnityEditor.Search:ASIAI0B -> (ImportResultId: '008f3609e41cebf3b75e06c27002bb0a') in 0.000571917 seconds
[Worker0] Imported GUID: 15513aed5d41411c887ccfe14c103337 - Path: Packages/com.unity.multiplayer.center/Tests/Editor/UserChoicesMigrationTests.cs - Importer: ScriptedImporter/UnityEditor.QuickSearchModule:UnityEditor.Search:ASIAI0B -> (ImportResultId: 'a37d76ca4c9d5729b0ddf9bc7a34f3b7') in 0.000531833 seconds
[Worker0] Imported GUID: f526d484b0c04a1896c469f31c713786 - Path: Packages/com.unity.multiplayer.center/Editor/Recommendations/Scoring.cs - Importer: ScriptedImporter/UnityEditor.QuickSearchModule:UnityEditor.Search:ASIAI0B -> (ImportResultId: 'd03a17cfedbec9deee465d89b33ff690') in 0.000568834 seconds
[Worker0] Imported GUID: c3677cd9ede84e78b2fff6331c6301da - Path: Packages/com.unity.multiplayer.center/Editor/Questionnaire/QuestionnaireObject.cs - Importer: ScriptedImporter/UnityEditor.QuickSearchModule:UnityEditor.Search:ASIAI0B -> (ImportResultId: '798e66cd487cd7ff537e97c6bb84baba') in 0.0005555 seconds
[Worker0] Imported GUID: b58a826ca804e4c67bab4283ad5a6102 - Path: Packages/com.unity.multiplayer.center/Editor/MultiplayerCenterWindow/UI/Icons/NoNetcode@2x.png - Importer: ScriptedImporter/UnityEditor.QuickSearchModule:UnityEditor.Search:ASIAI0B -> (ImportResultId: '6efaac867780ccf812c9d7e70d47ea76') in 0.002754375 seconds
[Worker0] Imported GUID: 0efb92c924574ec59b71b9185a6ed8fb - Path: Packages/com.unity.multiplayer.center/Tests/Editor/RecommendationTests.cs - Importer: ScriptedImporter/UnityEditor.QuickSearchModule:UnityEditor.Search:ASIAI0B -> (ImportResultId: '5cad0f898951410f1d871f30221f04a4') in 0.000715042 seconds
[Worker0] Imported GUID: 4f78a544322c742b89e63fb68557b1d2 - Path: Packages/com.unity.multiplayer.center/Editor/MultiplayerCenterWindow/UI/Icons/Check.png - Importer: ScriptedImporter/UnityEditor.QuickSearchModule:UnityEditor.Search:ASIAI0B -> (ImportResultId: '5d474bb3815b0eac0b4a18451f884b85') in 0.002010083 seconds
[Worker0] Imported GUID: 284da2a38ea043d69e1a38fd8a22bec9 - Path: Packages/com.unity.multiplayer.center/Tests/Editor/RecommenderSystemTests.cs - Importer: ScriptedImporter/UnityEditor.QuickSearchModule:UnityEditor.Search:ASIAI0B -> (ImportResultId: '3fe9b35b3c995fbaf348032cf8d0b205') in 0.001275792 seconds
[Worker0] Imported GUID: dce12af736e0a4a1ba35d6424f897dc9 - Path: Packages/com.unity.multiplayer.center/Editor/MultiplayerCenterWindow/UI/Icons/CustomNetcode.png - Importer: ScriptedImporter/UnityEditor.QuickSearchModule:UnityEditor.Search:ASIAI0B -> (ImportResultId: '044f57113079791bfdc85b62c21516d6') in 0.0023665 seconds
[Worker0] Imported GUID: b2ce704e56cc84fb3b347499263c6244 - Path: Packages/com.unity.multiplayer.center/Editor/MultiplayerCenterWindow/UI/Icons/ClientHosted.png - Importer: ScriptedImporter/UnityEditor.QuickSearchModule:UnityEditor.Search:ASIAI0B -> (ImportResultId: '385678cb4f9c8596e2cf6e28dc3f1f6b') in 0.003814167 seconds
[Worker0] Imported GUID: 99da7b3894f364efdb5fa1443952a55d - Path: Packages/com.unity.multiplayer.center/Editor/MultiplayerCenterWindow/UI/Icons/NGO.png - Importer: ScriptedImporter/UnityEditor.QuickSearchModule:UnityEditor.Search:ASIAI0B -> (ImportResultId: 'e75f90185459e51d005d1c18fafda7de') in 0.002512583 seconds
[Worker0] Imported GUID: bac00d6e07f0b4305bb395363c89d92b - Path: Packages/com.unity.multiplayer.center/Editor/MultiplayerCenterWindow/UI/MultiplayerCenterWindow.uss - Importer: ScriptedImporter/UnityEditor.QuickSearchModule:UnityEditor.Search:ASIAI0B -> (ImportResultId: 'b2f48b83c2ad271015b45c7c80daf2b7') in 0.008921917 seconds
[Worker0] Imported GUID: 2cb589d4e01184d928bb698f06e77561 - Path: Packages/com.unity.multiplayer.center/Editor/MultiplayerCenterWindow/UI/Icons/N4E@2x.png - Importer: ScriptedImporter/UnityEditor.QuickSearchModule:UnityEditor.Search:ASIAI0B -> (ImportResultId: '5a4f1be653da5d6238e127b16a16956e') in 0.002302708 seconds
[Worker0] Imported GUID: 9d9689eab72c8480c90679f4dcf18820 - Path: Packages/com.unity.multiplayer.center/Editor/MultiplayerCenterWindow/UI/Icons/Package.png - Importer: ScriptedImporter/UnityEditor.QuickSearchModule:UnityEditor.Search:ASIAI0B -> (ImportResultId: '5ceb8164db4bea07dd5b800832b9acf0') in 0.003048708 seconds
[Worker0] Imported GUID: b6a02e450cd04bb781e7728f2056251c - Path: Packages/com.unity.multiplayer.center/Editor/Recommendations/RecommenderSystemDataObject.cs - Importer: ScriptedImporter/UnityEditor.QuickSearchModule:UnityEditor.Search:ASIAI0B -> (ImportResultId: '95124ee85aace4b26c974f0fcbd5d86e') in 0.000952292 seconds
[Worker0] Imported GUID: 2664430aff4254d79887d32c3fc1e221 - Path: Packages/com.unity.multiplayer.center/Tests/Runtime/Unity.Multiplayer.Center.Tests.asmdef - Importer: ScriptedImporter/UnityEditor.QuickSearchModule:UnityEditor.Search:ASIAI0B -> (ImportResultId: '6d859fdb7248583ec4144627123908ad') in 0.00075925 seconds
[Worker0] Imported GUID: 18cde282a8d045bf9d245fdcfaa7271b - Path: Packages/com.unity.multiplayer.center/Editor/Questionnaire/UserChoicesObject.cs - Importer: ScriptedImporter/UnityEditor.QuickSearchModule:UnityEditor.Search:ASIAI0B -> (ImportResultId: 'b09bc624778042e64b985ee9ddc5a0e4') in 0.001120875 seconds
[Worker0] Imported GUID: 84e4bbd00035e4671bf14e0380a89001 - Path: Packages/com.unity.multiplayer.center/Editor/MultiplayerCenterWindow/UI/Icons/EmptyViewIcon.png - Importer: ScriptedImporter/UnityEditor.QuickSearchModule:UnityEditor.Search:ASIAI0B -> (ImportResultId: 'bef55218742a3271f0c37a0713966743') in 0.002817417 seconds
[Worker0] Imported GUID: 71b3035ad4d343cbbe033e93369d187e - Path: Packages/com.unity.multiplayer.center/Editor/Recommendations/RecommendationAuthoringData.cs - Importer: ScriptedImporter/UnityEditor.QuickSearchModule:UnityEditor.Search:ASIAI0B -> (ImportResultId: '2fd13a2d1c8891e117c374324c0a7484') in 0.000970041 seconds
[Worker0] Imported GUID: 1984cd07fe96417f9e88f5771f6b4b32 - Path: Packages/com.unity.multiplayer.center/Editor/MultiplayerCenterWindow/UI/dark.uss - Importer: ScriptedImporter/UnityEditor.QuickSearchModule:UnityEditor.Search:ASIAI0B -> (ImportResultId: '4a16342231a206a56d600bc9457f2042') in 0.001929625 seconds
[Worker0] Imported GUID: bcf305fff4614e26a6979b63e954f6d6 - Path: Packages/com.unity.multiplayer.center/Editor/MultiplayerCenterWindow/UI/QuestionnaireView.cs - Importer: ScriptedImporter/UnityEditor.QuickSearchModule:UnityEditor.Search:ASIAI0B -> (ImportResultId: '54e83095565deea61dc6b7cb4ee2527b') in 0.000821458 seconds
[Worker0] Imported GUID: ea491f91a8b84866ad13371715bf90c8 - Path: Packages/com.unity.multiplayer.center/Tests/Editor/LogicTests.cs - Importer: ScriptedImporter/UnityEditor.QuickSearchModule:UnityEditor.Search:ASIAI0B -> (ImportResultId: '290835825e5ac106b9bbe991da7c555b') in 0.000789625 seconds
[Worker0] Imported GUID: 470a2d15035f44b7b2888a0db0704bff - Path: Packages/com.unity.multiplayer.center/Tests/Editor/TabGroupTests.cs - Importer: ScriptedImporter/UnityEditor.QuickSearchModule:UnityEditor.Search:ASIAI0B -> (ImportResultId: '24e7818c7aec4dcd81b1f3faff6c07e0') in 0.001287333 seconds
[Worker0] Imported GUID: 2adffcc506285402aa795dee6f3166d0 - Path: Packages/com.unity.multiplayer.center/Editor/MultiplayerCenterWindow/UI/Icons/EmptyViewIcon@2x.png - Importer: ScriptedImporter/UnityEditor.QuickSearchModule:UnityEditor.Search:ASIAI0B -> (ImportResultId: 'f3313f2b8da51ea96ab8fdbf731e39fb') in 0.002998 seconds
[Worker0] Imported GUID: c7a38e6eccbfc49778cb8b77f594a971 - Path: Packages/com.unity.multiplayer.center/Editor/MultiplayerCenterWindow/UI/Icons/ClientHosted@2x.png - Importer: ScriptedImporter/UnityEditor.QuickSearchModule:UnityEditor.Search:ASIAI0B -> (ImportResultId: '293a38c20e90f9e46dec14912dd9ee1d') in 0.002168 seconds
[Worker0] Imported GUID: 525a6cca8dd9a4d28875a8fe824710d9 - Path: Packages/com.unity.multiplayer.center/Editor/MultiplayerCenterWindow/UI/Icons/d_Package.png - Importer: ScriptedImporter/UnityEditor.QuickSearchModule:UnityEditor.Search:ASIAI0B -> (ImportResultId: '6f40596c92566d2b5a514b525960cbb0') in 0.0024845 seconds
[Worker0] Imported GUID: dab91f148d99946e7b3c3a87ecf4b973 - Path: Packages/com.unity.multiplayer.center/Editor/MultiplayerCenterWindow/UI/Icons/d_Loading.png - Importer: ScriptedImporter/UnityEditor.QuickSearchModule:UnityEditor.Search:ASIAI0B -> (ImportResultId: 'ceae7a40568a012628422e8feb00c319') in 0.002433125 seconds
[Worker0] Imported GUID: 679f9999c6f8f497e806a2d5d0511879 - Path: Packages/com.unity.multiplayer.center/Editor/MultiplayerCenterWindow/UI/Icons/PackageManager.png - Importer: ScriptedImporter/UnityEditor.QuickSearchModule:UnityEditor.Search:ASIAI0B -> (ImportResultId: 'b519fcbc90a6d1db4c91e44640dc9992') in 0.002433 seconds
[Worker0] Imported GUID: 96d14b71b907bb52333b2886e665aba6 - Path: Packages/com.unity.modules.video/package.json - Importer: ScriptedImporter/UnityEditor.QuickSearchModule:UnityEditor.Search:ASIAI0B -> (ImportResultId: 'dd9c41af6257d9c02e9b4c6fb0432bad') in 0.000854875 seconds
[Worker0] Imported GUID: fe6a6957b37b61417b457a1e0541791d - Path: Packages/com.unity.modules.physics2d/package.ModuleCompilationTrigger - Importer: ScriptedImporter/UnityEditor.QuickSearchModule:UnityEditor.Search:ASIAI0B -> (ImportResultId: 'f2d4d7aac11168872a719a16769dc3a1') in 0.00079625 seconds
[Worker0] Imported GUID: 5262b119dc3e4259a40e6d93c8ea1048 - Path: Packages/com.unity.multiplayer.center/Editor/MultiplayerCenterWindow/UI/RecommendationView/PackageSelectionView.cs - Importer: ScriptedImporter/UnityEditor.QuickSearchModule:UnityEditor.Search:ASIAI0B -> (ImportResultId: 'bcf1fa61a72d6d56cbb37998f8c33006') in 0.0006135 seconds
[Worker0] Imported GUID: 4745d06d5a7ca576dcf9e5e67b417652 - Path: Packages/com.unity.modules.accessibility/package.ModuleCompilationTrigger - Importer: ScriptedImporter/UnityEditor.QuickSearchModule:UnityEditor.Search:ASIAI0B -> (ImportResultId: '2abc328c9dd1f64730d79755bdeeb896') in 0.001171916 seconds
[Worker0] Imported GUID: f1e4f3f59aa446bfb097357fa8ad4a8b - Path: Packages/com.unity.multiplayer.center/Editor/MultiplayerCenterWindow/UI/RecommendationView/SolutionSelectionView.cs - Importer: ScriptedImporter/UnityEditor.QuickSearchModule:UnityEditor.Search:ASIAI0B -> (ImportResultId: '5cb8fda7ffe9fccfe4e071293a418564') in 0.000833084 seconds
[Worker0] Imported GUID: 9b1a5759726ef9d39a0ab82047b615f1 - Path: Packages/com.unity.modules.hierarchycore/package.json - Importer: ScriptedImporter/UnityEditor.QuickSearchModule:UnityEditor.Search:ASIAI0B -> (ImportResultId: '2cae02525bac72eec3ce4ec1befec60c') in 0.000726583 seconds
[Worker0] Imported GUID: c82e859b16636ddd2ca4a1f63fd34938 - Path: Packages/com.unity.modules.androidjni/package.ModuleCompilationTrigger - Importer: ScriptedImporter/UnityEditor.QuickSearchModule:UnityEditor.Search:ASIAI0B -> (ImportResultId: '62bcb6f09543992bf00f4900221e22c3') in 0.000525 seconds
[Worker0] Imported GUID: 0423146d9f51c4563a0f2a8200b6cd38 - Path: Packages/com.unity.multiplayer.center/Editor/MultiplayerCenterWindow/UI/Icons/PackageInstalled@2x.png - Importer: ScriptedImporter/UnityEditor.QuickSearchModule:UnityEditor.Search:ASIAI0B -> (ImportResultId: '486e969da14660e67167717ce1406945') in 0.001929417 seconds
[Worker0] Imported GUID: 4c413a81cadcce7038e446e56570117e - Path: Packages/com.unity.modules.adaptiveperformance/package.json - Importer: ScriptedImporter/UnityEditor.QuickSearchModule:UnityEditor.Search:ASIAI0B -> (ImportResultId: 'b59208cca2c7de3d915812fc901848d1') in 0.000634958 seconds
[Worker0] Imported GUID: 8d4bc6bfa28760b29f13174d6b6ea710 - Path: Packages/com.unity.modules.subsystems/package.ModuleCompilationTrigger - Importer: ScriptedImporter/UnityEditor.QuickSearchModule:UnityEditor.Search:ASIAI0B -> (ImportResultId: '78591612ab7fbf92fef0cde737f35fad') in 0.000662792 seconds
[Worker0] Imported GUID: 082fbee38a82835433261a5e9c00e267 - Path: Packages/com.unity.modules.cloth/package.ModuleCompilationTrigger - Importer: ScriptedImporter/UnityEditor.QuickSearchModule:UnityEditor.Search:ASIAI0B -> (ImportResultId: '55f84544299131a79ca43c0ca84b0ef1') in 0.000486042 seconds
[Worker0] Imported GUID: 51fa60bb2bd1e5bc74e8cc95a7bfd5b7 - Path: Packages/com.unity.modules.ui/package.ModuleCompilationTrigger - Importer: ScriptedImporter/UnityEditor.QuickSearchModule:UnityEditor.Search:ASIAI0B -> (ImportResultId: '04c4f6f85aec911e966b14b61b9dc02c') in 0.000627166 seconds
[Worker0] Imported GUID: 1b4c88814ec6241eb8e327515399c006 - Path: Packages/com.unity.multiplayer.center/Editor/MultiplayerCenterWindow/UI/Icons/d_PackageManager.png - Importer: ScriptedImporter/UnityEditor.QuickSearchModule:UnityEditor.Search:ASIAI0B -> (ImportResultId: '2f490aa6e8fd1584927969626ca9deaf') in 0.0023925 seconds
[Worker0] Imported GUID: 17f093324b67f5bd57e55b546736750e - Path: Packages/com.unity.modules.particlesystem/package.ModuleCompilationTrigger - Importer: ScriptedImporter/UnityEditor.QuickSearchModule:UnityEditor.Search:ASIAI0B -> (ImportResultId: '3f018437b1ebf8e0e7fb845472aa3dea') in 0.000877792 seconds
[Worker0] Imported GUID: 87d720faa37005c08600090e04d8c739 - Path: Packages/com.unity.modules.particlesystem/package.json - Importer: ScriptedImporter/UnityEditor.QuickSearchModule:UnityEditor.Search:ASIAI0B -> (ImportResultId: 'f4fdd830a376bf75376c7703a6b01197') in 0.000720125 seconds
[Worker0] Imported GUID: e2d09a26ce46dc617b54e49a534ace20 - Path: Packages/com.unity.modules.ai/package.ModuleCompilationTrigger - Importer: ScriptedImporter/UnityEditor.QuickSearchModule:UnityEditor.Search:ASIAI0B -> (ImportResultId: 'f3e097a52b3d5af26225a409d94a1231') in 0.0006225 seconds
[Worker0] Imported GUID: c88e90bad18cceb5d182d0c805883056 - Path: Packages/com.unity.modules.director/package.ModuleCompilationTrigger - Importer: ScriptedImporter/UnityEditor.QuickSearchModule:UnityEditor.Search:ASIAI0B -> (ImportResultId: 'a1c9bf7e26699d7b778477bdf68ce758') in 0.00255875 seconds
[Worker0] Imported GUID: dd70cd654275d47db807e918055e004f - Path: Packages/com.unity.multiplayer.center/Editor/MultiplayerCenterWindow/UI/Icons/Questionnaire.png - Importer: ScriptedImporter/UnityEditor.QuickSearchModule:UnityEditor.Search:ASIAI0B -> (ImportResultId: '766a959b183d67980e4d41b0f6543133') in 0.004207208 seconds
[Worker0] Imported GUID: 906c12bc9cd95d3963c6d58f62522c78 - Path: Packages/com.unity.modules.cloth/package.json - Importer: ScriptedImporter/UnityEditor.QuickSearchModule:UnityEditor.Search:ASIAI0B -> (ImportResultId: '398f86c8ac7091e4d0619db11e26008a') in 0.001529791 seconds
[Worker0] Imported GUID: a2c71c02b50345e99168bda191ec01b4 - Path: Packages/com.unity.multiplayer.center/Editor/MultiplayerCenterWindow/UI/RecommendationView/RecommendationView.cs - Importer: ScriptedImporter/UnityEditor.QuickSearchModule:UnityEditor.Search:ASIAI0B -> (ImportResultId: '3f3e80edd4549c42e14ac581f49e6b3a') in 0.001735625 seconds
[Worker0] Imported GUID: 1af35a910338381f753e8a985eb5daab - Path: Packages/com.unity.modules.adaptiveperformance/package.ModuleCompilationTrigger - Importer: ScriptedImporter/UnityEditor.QuickSearchModule:UnityEditor.Search:ASIAI0B -> (ImportResultId: 'e258b5bcd7be21cee99807edd5b8decd') in 0.001244917 seconds
[Worker0] Imported GUID: 43674d438e19b89d7fe6af07234f3252 - Path: Packages/com.unity.modules.accessibility/package.json - Importer: ScriptedImporter/UnityEditor.QuickSearchModule:UnityEditor.Search:ASIAI0B -> (ImportResultId: '6ae135a2e9b3586fba9f760ee48bc089') in 0.001298792 seconds
[Worker0] Imported GUID: 2adec19fac7df68adf1fd6eb83197bb1 - Path: Packages/com.unity.modules.wind/package.ModuleCompilationTrigger - Importer: ScriptedImporter/UnityEditor.QuickSearchModule:UnityEditor.Search:ASIAI0B -> (ImportResultId: '60d08a795c927a9412229dbef97462fc') in 0.000883291 seconds
[Worker0] Imported GUID: bfd567a3d1631a761bca9e99fa53d86d - Path: Packages/com.unity.modules.ui/package.json - Importer: ScriptedImporter/UnityEditor.QuickSearchModule:UnityEditor.Search:ASIAI0B -> (ImportResultId: '087e239c6d9b56e31b15c4b247cd2796') in 0.000621 seconds
[Worker0] Imported GUID: 741761e72e6f24446bd8ba03ea3d0261 - Path: Packages/com.unity.multiplayer.center/Editor/MultiplayerCenterWindow/UI/Icons/d_Questionnaire.png - Importer: ScriptedImporter/UnityEditor.QuickSearchModule:UnityEditor.Search:ASIAI0B -> (ImportResultId: 'e633893234a3854ad961311c0c70dc39') in 0.004120542 seconds
[Worker0] Imported GUID: d104359075a97392b803d3d5aebc77f7 - Path: Packages/com.unity.modules.hierarchycore/package.ModuleCompilationTrigger - Importer: ScriptedImporter/UnityEditor.QuickSearchModule:UnityEditor.Search:ASIAI0B -> (ImportResultId: '98b381156c0ef14b80fe472eea9927f9') in 0.001700375 seconds
[Worker0] Imported GUID: f62135e79edb837b2d2ee3c524da864c - Path: Packages/com.unity.modules.video/package.ModuleCompilationTrigger - Importer: ScriptedImporter/UnityEditor.QuickSearchModule:UnityEditor.Search:ASIAI0B -> (ImportResultId: '7b84a0dc31ba6e63a48ba9543f299df8') in 0.001322541 seconds
[Worker0] Imported GUID: 4616b2fa4acd1429e931835b80966c2a - Path: Packages/com.unity.multiplayer.center/Editor/MultiplayerCenterWindow/UI/Icons/PackageInstalled.png - Importer: ScriptedImporter/UnityEditor.QuickSearchModule:UnityEditor.Search:ASIAI0B -> (ImportResultId: '2ee4c4d82788180249300387f80b9cdf') in 0.0037835 seconds
[Worker0] Imported GUID: f7a8357347c80dc69c08d0b1a05e2122 - Path: Packages/com.unity.modules.physics2d/package.json - Importer: ScriptedImporter/UnityEditor.QuickSearchModule:UnityEditor.Search:ASIAI0B -> (ImportResultId: 'f0cc69d8dfadedd6fe50a5cc984732db') in 0.000871709 seconds
[Worker0] Imported GUID: 29395f0639574c1fbc8b729aa257fb84 - Path: Packages/com.unity.multiplayer.center/Editor/MultiplayerCenterWindow/UI/Icons/d_Check.png - Importer: ScriptedImporter/UnityEditor.QuickSearchModule:UnityEditor.Search:ASIAI0B -> (ImportResultId: 'af4faa3845212a9ab3a99cbb07778f2a') in 0.003404875 seconds
[Worker0] Imported GUID: 05f7f519769978b79b31d063a7fc6fa1 - Path: Packages/com.unity.modules.unitywebrequestassetbundle/package.json - Importer: ScriptedImporter/UnityEditor.QuickSearchModule:UnityEditor.Search:ASIAI0B -> (ImportResultId: '694aa21a06d642824e76c94f8860f405') in 0.001071084 seconds
[Worker0] Imported GUID: 77be953cf28de42a4ad8532539fef3f5 - Path: Packages/com.unity.multiplayer.center/Editor/MultiplayerCenterWindow/UI/Icons/d_PackageInstalled.png - Importer: ScriptedImporter/UnityEditor.QuickSearchModule:UnityEditor.Search:ASIAI0B -> (ImportResultId: '692660fd8fcecba4852b345d4fcd5b43') in 0.003899959 seconds
[Worker0] Imported GUID: 5c1ee4056d0ac7ad3c5a16597fcaa38a - Path: Packages/com.unity.modules.physics/package.ModuleCompilationTrigger - Importer: ScriptedImporter/UnityEditor.QuickSearchModule:UnityEditor.Search:ASIAI0B -> (ImportResultId: 'c2c712928e01144e205e55491ce38c3f') in 0.000944167 seconds
[Worker0] Imported GUID: e5c46c19ce0ce2e0103aa6f82df1043a - Path: Packages/com.unity.modules.vehicles/package.ModuleCompilationTrigger - Importer: ScriptedImporter/UnityEditor.QuickSearchModule:UnityEditor.Search:ASIAI0B -> (ImportResultId: '65e0e9deb87e76e6d9415014c7ca6566') in 0.000600667 seconds
[Worker0] Imported GUID: 830a36a23cf3ab1e61fa47940a6dc35e - Path: Packages/com.unity.modules.imageconversion/package.ModuleCompilationTrigger - Importer: ScriptedImporter/UnityEditor.QuickSearchModule:UnityEditor.Search:ASIAI0B -> (ImportResultId: '1603625aede3327dc0dac58d342dcafc') in 0.001763125 seconds
[Worker0] Imported GUID: db8e609a39b9b231fccc54e5fa4cbd1b - Path: Packages/com.unity.modules.animation/package.ModuleCompilationTrigger - Importer: ScriptedImporter/UnityEditor.QuickSearchModule:UnityEditor.Search:ASIAI0B -> (ImportResultId: 'bab73b566842cbcfcf52699bf26182c8') in 0.000904542 seconds
[Worker0] Imported GUID: 953fab16d15d5885b3600fcd6388b2ad - Path: Packages/com.unity.modules.imageconversion/package.json - Importer: ScriptedImporter/UnityEditor.QuickSearchModule:UnityEditor.Search:ASIAI0B -> (ImportResultId: 'a7a0ddba74416793e1d1f5ccce9c9b20') in 0.001173083 seconds
[Worker0] Imported GUID: 1a4266815e998967becf686f9c71f0a6 - Path: Packages/com.unity.modules.physics/package.json - Importer: ScriptedImporter/UnityEditor.QuickSearchModule:UnityEditor.Search:ASIAI0B -> (ImportResultId: 'af66b537d86a32b158e22f7a03fd6dc2') in 0.001036041 seconds
[Worker0] Imported GUID: 6afb166a156df2d20433d981f4bb2832 - Path: Packages/com.unity.modules.vehicles/package.json - Importer: ScriptedImporter/UnityEditor.QuickSearchModule:UnityEditor.Search:ASIAI0B -> (ImportResultId: 'd70fa4ff7616e98e91627b27a11c258e') in 0.00089925 seconds
[Worker0] Imported GUID: ec02776fe29df900b897106d61977735 - Path: Packages/com.unity.modules.director/package.json - Importer: ScriptedImporter/UnityEditor.QuickSearchModule:UnityEditor.Search:ASIAI0B -> (ImportResultId: 'f314d14d2ad11236cfedef45291b39ed') in 0.001697708 seconds
[Worker0] Imported GUID: bd1af0a6633ee94ae21c7d1d702cdc12 - Path: Packages/com.unity.modules.androidjni/package.json - Importer: ScriptedImporter/UnityEditor.QuickSearchModule:UnityEditor.Search:ASIAI0B -> (ImportResultId: '755f759f2ddbd6fa844539cf40acc45e') in 0.001046167 seconds
[Worker0] Imported GUID: 7ef8348b8ea834d7e1bc214b07f7fb87 - Path: Packages/com.unity.modules.animation/package.json - Importer: ScriptedImporter/UnityEditor.QuickSearchModule:UnityEditor.Search:ASIAI0B -> (ImportResultId: 'adef0079eb2ceafe7dab468fb8cba292') in 0.00084575 seconds
[Worker0] Imported GUID: 7610600f5c83e01041a6fe849d39279f - Path: Packages/com.unity.modules.unitywebrequestassetbundle/package.ModuleCompilationTrigger - Importer: ScriptedImporter/UnityEditor.QuickSearchModule:UnityEditor.Search:ASIAI0B -> (ImportResultId: 'e5cf65a6783194f2d12efe2abdde4aea') in 0.000608417 seconds
[Worker0] Imported GUID: f0f13f2ab3d6d13cfc6e4656824bfca8 - Path: Packages/com.unity.modules.ai/package.json - Importer: ScriptedImporter/UnityEditor.QuickSearchModule:UnityEditor.Search:ASIAI0B -> (ImportResultId: 'f9e152f7913f44ea568f86c4fcad9c9b') in 0.000862459 seconds
[Worker0] Imported GUID: 281e16dfc02f4a86bf924188eb96b176 - Path: Packages/com.unity.multiplayer.center/Editor/MultiplayerCenterWindow/UI/RecommendationView/RecommendationItemView.cs - Importer: ScriptedImporter/UnityEditor.QuickSearchModule:UnityEditor.Search:ASIAI0B -> (ImportResultId: '16ac3fffd9ba1804f23b3453a25b36eb') in 0.000690125 seconds
[Worker0] Imported GUID: b83f06ac0c0696e9563230865ca72b81 - Path: Packages/com.unity.modules.wind/package.json - Importer: ScriptedImporter/UnityEditor.QuickSearchModule:UnityEditor.Search:ASIAI0B -> (ImportResultId: 'a4d8b781f533aa4db7906a32a1f8e06b') in 0.00047975 seconds
[Worker0] Imported GUID: a6fd0c627f5aa48fa81512221e70a11e - Path: Packages/com.unity.multiplayer.center/Editor/MultiplayerCenterWindow/UI/Icons/d_PackageManager@2x.png - Importer: ScriptedImporter/UnityEditor.QuickSearchModule:UnityEditor.Search:ASIAI0B -> (ImportResultId: 'c02ca7bfa9f4e9580c61180831fd7f67') in 0.002636958 seconds
[Worker0] Imported GUID: 318df756abab5463e9aa361360784865 - Path: Packages/com.unity.multiplayer.center/Editor/MultiplayerCenterWindow/UI/Icons/d_PackageInstalled@2x.png - Importer: ScriptedImporter/UnityEditor.QuickSearchModule:UnityEditor.Search:ASIAI0B -> (ImportResultId: '712f4a0e5d3fea4e8be9b9132d53c33e') in 0.002219 seconds
[Worker0] Imported GUID: 30b312a167534621b316172253b08723 - Path: Packages/com.unity.modules.subsystems/package.json - Importer: ScriptedImporter/UnityEditor.QuickSearchModule:UnityEditor.Search:ASIAI0B -> (ImportResultId: '50c9e5132e6e57c7684c93bf6ba31433') in 0.001008333 seconds
[Worker0] Imported GUID: 63314900d81e4a15814496af1889cb51 - Path: Packages/com.unity.multiplayer.center/Editor/MultiplayerCenterWindow/UI/RecommendationView/SectionHeader.cs - Importer: ScriptedImporter/UnityEditor.QuickSearchModule:UnityEditor.Search:ASIAI0B -> (ImportResultId: '2751eb9fd78e6f3d7a91ad29340cc31f') in 0.001011291 seconds
[Worker0] Imported GUID: 9431e8221045c4af189b2fa7174b9e9f - Path: Packages/com.unity.multiplayer.center/Editor/MultiplayerCenterWindow/UI/Icons/PackageManager@2x.png - Importer: ScriptedImporter/UnityEditor.QuickSearchModule:UnityEditor.Search:ASIAI0B -> (ImportResultId: '2661cb8161a3652aa2b2088f61fa54da') in 0.002286666 seconds
[Worker0] Imported GUID: 3cc1ebf2abb7fef6871ad48f499b6e21 - Path: Packages/com.unity.modules.vectorgraphics/package.ModuleCompilationTrigger - Importer: ScriptedImporter/UnityEditor.QuickSearchModule:UnityEditor.Search:ASIAI0B -> (ImportResultId: 'd05ed7e16005f0d482300040f2b732a8') in 0.001132916 seconds
[Worker0] Imported GUID: d2ec2d1228c8e67cdd913cb5609176a2 - Path: Packages/com.unity.modules.unitywebrequest/package.ModuleCompilationTrigger - Importer: ScriptedImporter/UnityEditor.QuickSearchModule:UnityEditor.Search:ASIAI0B -> (ImportResultId: 'a1ebf04f3faed1e72710d0a0e457a181') in 0.00070925 seconds
[Worker0] Imported GUID: 3fdd83b151eb8d25c5e2f82fc39dcb04 - Path: Packages/com.unity.modules.unitywebrequest/package.json - Importer: ScriptedImporter/UnityEditor.QuickSearchModule:UnityEditor.Search:ASIAI0B -> (ImportResultId: '72125088e9bda1c861dc7a062027298b') in 0.00096 seconds
[Worker0] Imported GUID: 78e5667e52329c3ceef41288763404ae - Path: Packages/com.unity.modules.vectorgraphics/package.json - Importer: ScriptedImporter/UnityEditor.QuickSearchModule:UnityEditor.Search:ASIAI0B -> (ImportResultId: 'aa27b95ce912faa8121c89eae136aabb') in 0.000923084 seconds
[Licensing::Client] Successfully resolved entitlement details
Worker ready: AssetImportWorkerHW1 1
[Licensing::Client] Successfully resolved entitlement details
[Licensing::Client] Successfully resolved entitlement details
[Licensing::Client] Successfully resolved entitlement details
[Licensing::Client] Successfully resolved entitlement details
[Licensing::Client] Successfully resolved entitlement details
[Licensing::Client] Successfully resolved entitlement details
[Licensing::Client] Successfully resolved entitlement details
[Licensing::Client] Successfully resolved entitlement details
[Licensing::Client] Successfully resolved entitlement details
[Licensing::Client] Successfully resolved entitlement details
[Licensing::Client] Successfully resolved entitlement details
[Licensing::Client] Successfully resolved entitlement details
[Licensing::Client] Successfully resolved entitlement details
[Licensing::Client] Successfully resolved entitlement details
[Licensing::Client] Successfully resolved entitlement details
[Licensing::Client] Successfully resolved entitlement details
[Licensing::Client] Successfully resolved entitlement details
[Licensing::Client] Successfully resolved entitlement details
[Licensing::Client] Successfully resolved entitlement details
[Licensing::Client] Successfully resolved entitlement details
[Licensing::Client] Successfully resolved entitlement details
[Licensing::Client] Successfully resolved entitlement details
[Licensing::Client] Successfully resolved entitlement details
[Licensing::Client] Successfully resolved entitlement details
[Licensing::Client] Successfully resolved entitlement details
TrimDiskCacheJob: Current cache size 0mb
Launching external process: /Applications/Unity/Hub/Editor/6000.5.5f1/Unity.app/Contents/Helpers/UnityShaderCompiler
Launched and connected shader compiler UnityShaderCompiler after 0.02 seconds
Launching external process: /Applications/Unity/Hub/Editor/6000.5.5f1/Unity.app/Contents/Helpers/UnityShaderCompiler
Launched and connected shader compiler UnityShaderCompiler after 0.02 seconds
Launching external process: /Applications/Unity/Hub/Editor/6000.5.5f1/Unity.app/Contents/Helpers/UnityShaderCompiler
Launched and connected shader compiler UnityShaderCompiler after 0.02 seconds
Launching external process: /Applications/Unity/Hub/Editor/6000.5.5f1/Unity.app/Contents/Helpers/UnityShaderCompiler
Launched and connected shader compiler UnityShaderCompiler after 0.02 seconds
Scanning for USB devices : 0.013ms
Curl error 55: Send failure: Broken pipe
Curl error 6: Recv failure: Can't assign requested address
Curl error 6: Could not resolve host: cdp.cloud.unity3d.com
Asset Pipeline Refresh (id=6b64c987fd6534e4b8c47e44e2a954f2): Total: 0.109 seconds - Initiated by RefreshV2(AllowForceSynchronousImport)
Scanning for USB devices : 0.088ms
Scanning for USB devices : 0.081ms
Scanning for USB devices : 0.294ms
Asset Pipeline Refresh (id=d47185822d6dd4451ae498211590f2c2): Total: 0.013 seconds - Initiated by RefreshV2(AllowForceSynchronousImport)
Asset Pipeline Refresh (id=74c4f648657c24cc2954c2f651546d2d): Total: 0.021 seconds - Initiated by RefreshV2(AllowForceSynchronousImport)
Importing 'GUID: 105421a6a10304328a1f0dadb94e5add - Path: Assets/sample.unity' with importer (DefaultImporter)
Imported 'GUID: 105421a6a10304328a1f0dadb94e5add' -> (Import Result ID: '3eb83e92ec3855dd32ba3954c56b645d') in 0.002 seconds [static dependencies only]. Details - ImportResultOutputID=f1b3a7ed2b0b309c2e46ed73d6091f82 DependenciesID=5ad47cf37e1e9333a6c55e57bc82c86b StaticDependenciesID=c3008ccc90016605b695629823052094 
Asset Pipeline Refresh (id=714115520edc248a9b9f1975d9d72d8e): Total: 0.021 seconds - Initiated by StopAssetImportingV2(NoUpdateAssetOptions)
[Worker0] Imported GUID: 105421a6a10304328a1f0dadb94e5add - Path: Assets/sample.unity - Importer: ScriptedImporter/UnityEditor.QuickSearchModule:UnityEditor.Search:ASIAI0B -> (ImportResultId: '20f036b8bcbe17da742cc50cd313a6b5') in 0.00439075 seconds
Asset Pipeline Refresh (id=dfcf3c067319445738321e9373e983c0): Total: 0.012 seconds - Initiated by RefreshV2(AllowForceSynchronousImport)
Asset Pipeline Refresh (id=2f6a92dcf41ac4f1eb3bde67ec0cdb39): Total: 0.014 seconds - Initiated by RefreshV2(AllowForceSynchronousImport)
